epoch,method,stage,selected,rejected,human
1,clip,clip,"[3, 71, 32, 58, 4, 24, 62, 67, 43, 29]",[],"{""clip_factor"": 1, ""num_layers_clipped"": 102}"
2,clip,clip,"[3, 73, 72, 99, 20, 15, 37, 93, 74, 22]",[],"{""clip_factor"": 1, ""num_layers_clipped"": 102}"
3,clip,clip,"[2, 11, 29, 61, 14, 62, 31, 0, 55, 89]",[],"{""clip_factor"": 1, ""num_layers_clipped"": 102}"
4,clip,clip,"[1, 73, 5, 68, 48, 28, 53, 72, 34, 88]",[],"{""clip_factor"": 1, ""num_layers_clipped"": 102}"
5,clip,clip,"[4, 27, 55, 98, 67, 16, 57, 21, 26, 69]",[],"{""clip_factor"": 1, ""num_layers_clipped"": 102}"
6,clip,clip,"[3, 55, 44, 86, 53, 6, 52, 61, 62, 48]",[],"{""clip_factor"": 1, ""num_layers_clipped"": 102}"
7,clip,clip,"[2, 73, 46, 58, 32, 95, 97, 42, 38, 13]",[],"{""clip_factor"": 1, ""num_layers_clipped"": 102}"
8,clip,clip,"[0, 41, 96, 97, 82, 86, 57, 62, 85, 17]",[],"{""clip_factor"": 1, ""num_layers_clipped"": 102}"
9,clip,clip,"[2, 1, 38, 6, 23, 43, 89, 96, 69, 84]",[],"{""clip_factor"": 1, ""num_layers_clipped"": 102}"
10,clip,clip,"[4, 95, 65, 71, 9, 3, 81, 70, 41, 42]",[],"{""clip_factor"": 1, ""num_layers_clipped"": 102}"
11,clip,clip,"[4, 58, 20, 28, 44, 63, 65, 38, 97, 47]",[],"{""clip_factor"": 1, ""num_layers_clipped"": 102}"
12,clip,clip,"[3, 81, 20, 6, 68, 2, 37, 15, 11, 48]",[],"{""clip_factor"": 1, ""num_layers_clipped"": 102}"
13,clip,clip,"[0, 60, 95, 98, 39, 75, 32, 15, 52, 49]",[],"{""clip_factor"": 1, ""num_layers_clipped"": 102}"
14,clip,clip,"[0, 67, 86, 16, 55, 99, 88, 15, 12, 44]",[],"{""clip_factor"": 1, ""num_layers_clipped"": 102}"
15,clip,clip,"[2, 81, 49, 56, 12, 30, 83, 37, 3, 91]",[],"{""clip_factor"": 1, ""num_layers_clipped"": 102}"
16,clip,clip,"[2, 57, 85, 84, 46, 6, 40, 43, 71, 39]",[],"{""clip_factor"": 1, ""num_layers_clipped"": 102}"
17,clip,clip,"[0, 83, 71, 76, 18, 17, 81, 62, 3, 52]",[],"{""clip_factor"": 1, ""num_layers_clipped"": 102}"
18,clip,clip,"[4, 80, 88, 5, 84, 50, 40, 78, 31, 43]",[],"{""clip_factor"": 1, ""num_layers_clipped"": 102}"
19,clip,clip,"[3, 84, 45, 95, 90, 65, 6, 87, 29, 51]",[],"{""clip_factor"": 1, ""num_layers_clipped"": 102}"
20,clip,clip,"[1, 72, 28, 52, 38, 63, 18, 22, 39, 47]",[],"{""clip_factor"": 1, ""num_layers_clipped"": 102}"
21,clip,clip,"[2, 99, 66, 96, 13, 63, 5, 68, 94, 29]",[],"{""clip_factor"": 1, ""num_layers_clipped"": 102}"
22,clip,clip,"[1, 45, 9, 98, 99, 38, 83, 86, 24, 34]",[],"{""clip_factor"": 1, ""num_layers_clipped"": 102}"
23,clip,clip,"[2, 83, 82, 79, 81, 91, 53, 52, 90, 32]",[],"{""clip_factor"": 1, ""num_layers_clipped"": 102}"
24,clip,clip,"[4, 5, 99, 6, 94, 34, 46, 28, 76, 91]",[],"{""clip_factor"": 1, ""num_layers_clipped"": 102}"
25,clip,clip,"[4, 2, 35, 90, 93, 71, 98, 70, 95, 54]",[],"{""clip_factor"": 1, ""num_layers_clipped"": 102}"
26,clip,clip,"[3, 81, 22, 41, 14, 39, 1, 88, 74, 49]",[],"{""clip_factor"": 1, ""num_layers_clipped"": 102}"
27,clip,clip,"[0, 95, 57, 7, 73, 75, 65, 58, 27, 10]",[],"{""clip_factor"": 1, ""num_layers_clipped"": 102}"
28,clip,clip,"[3, 1, 76, 65, 15, 51, 53, 69, 72, 14]",[],"{""clip_factor"": 1, ""num_layers_clipped"": 102}"
29,clip,clip,"[1, 3, 30, 81, 70, 38, 49, 78, 14, 87]",[],"{""clip_factor"": 1, ""num_layers_clipped"": 102}"
30,clip,clip,"[1, 71, 13, 47, 7, 49, 33, 42, 34, 53]",[],"{""clip_factor"": 1, ""num_layers_clipped"": 102}"
31,clip,clip,"[3, 20, 48, 57, 30, 15, 45, 29, 54, 14]",[],"{""clip_factor"": 1, ""num_layers_clipped"": 102}"
32,clip,clip,"[1, 57, 52, 76, 65, 58, 51, 23, 99, 21]",[],"{""clip_factor"": 1, ""num_layers_clipped"": 102}"
33,clip,clip,"[4, 46, 64, 96, 82, 75, 40, 63, 36, 47]",[],"{""clip_factor"": 1, ""num_layers_clipped"": 102}"
34,clip,clip,"[0, 72, 8, 81, 73, 83, 65, 79, 58, 16]",[],"{""clip_factor"": 1, ""num_layers_clipped"": 102}"
35,clip,clip,"[3, 30, 84, 29, 12, 98, 44, 64, 13, 55]",[],"{""clip_factor"": 1, ""num_layers_clipped"": 102}"
36,clip,clip,"[0, 36, 23, 49, 11, 34, 99, 33, 58, 12]",[],"{""clip_factor"": 1, ""num_layers_clipped"": 102}"
37,clip,clip,"[3, 43, 5, 34, 99, 14, 48, 24, 56, 37]",[],"{""clip_factor"": 1, ""num_layers_clipped"": 102}"
38,clip,clip,"[2, 88, 85, 65, 95, 82, 19, 77, 54, 37]",[],"{""clip_factor"": 1, ""num_layers_clipped"": 102}"
39,clip,clip,"[2, 33, 12, 85, 87, 74, 15, 29, 94, 60]",[],"{""clip_factor"": 1, ""num_layers_clipped"": 102}"
40,clip,clip,"[4, 6, 33, 77, 65, 63, 55, 18, 2, 78]",[],"{""clip_factor"": 1, ""num_layers_clipped"": 102}"
41,clip,clip,"[1, 71, 25, 57, 32, 77, 51, 42, 95, 22]",[],"{""clip_factor"": 1, ""num_layers_clipped"": 102}"
42,clip,clip,"[2, 23, 61, 86, 54, 0, 91, 63, 37, 85]",[],"{""clip_factor"": 1, ""num_layers_clipped"": 102}"
43,clip,clip,"[0, 40, 56, 34, 98, 35, 1, 22, 89, 16]",[],"{""clip_factor"": 1, ""num_layers_clipped"": 102}"
44,clip,clip,"[1, 46, 25, 37, 20, 42, 44, 50, 12, 72]",[],"{""clip_factor"": 1, ""num_layers_clipped"": 102}"
45,clip,clip,"[1, 19, 56, 93, 20, 12, 27, 69, 33, 16]",[],"{""clip_factor"": 1, ""num_layers_clipped"": 102}"
46,clip,clip,"[2, 45, 10, 1, 74, 86, 46, 35, 17, 81]",[],"{""clip_factor"": 1, ""num_layers_clipped"": 102}"
47,clip,clip,"[2, 99, 19, 62, 44, 0, 48, 52, 70, 65]",[],"{""clip_factor"": 1, ""num_layers_clipped"": 102}"
48,clip,clip,"[0, 66, 36, 83, 68, 23, 90, 2, 57, 21]",[],"{""clip_factor"": 1, ""num_layers_clipped"": 102}"
49,clip,clip,"[3, 10, 20, 51, 25, 27, 40, 5, 89, 85]",[],"{""clip_factor"": 1, ""num_layers_clipped"": 102}"
50,clip,clip,"[1, 85, 80, 28, 63, 68, 14, 94, 32, 20]",[],"{""clip_factor"": 1, ""num_layers_clipped"": 102}"
51,clip,clip,"[3, 61, 21, 58, 32, 20, 53, 17, 93, 55]",[],"{""clip_factor"": 1, ""num_layers_clipped"": 102}"
52,clip,clip,"[3, 38, 56, 79, 43, 65, 66, 16, 75, 82]",[],"{""clip_factor"": 1, ""num_layers_clipped"": 102}"
53,clip,clip,"[2, 98, 50, 69, 58, 82, 91, 59, 97, 38]",[],"{""clip_factor"": 1, ""num_layers_clipped"": 102}"
54,clip,clip,"[4, 88, 20, 74, 38, 35, 78, 79, 25, 10]",[],"{""clip_factor"": 1, ""num_layers_clipped"": 102}"
55,clip,clip,"[1, 54, 63, 45, 82, 64, 21, 94, 97, 52]",[],"{""clip_factor"": 1, ""num_layers_clipped"": 102}"
56,clip,clip,"[3, 65, 34, 91, 78, 0, 88, 43, 30, 52]",[],"{""clip_factor"": 1, ""num_layers_clipped"": 102}"
57,clip,clip,"[3, 57, 83, 65, 27, 98, 24, 5, 25, 10]",[],"{""clip_factor"": 1, ""num_layers_clipped"": 102}"
58,clip,clip,"[3, 16, 92, 27, 14, 62, 58, 77, 1, 44]",[],"{""clip_factor"": 1, ""num_layers_clipped"": 102}"
59,clip,clip,"[1, 39, 6, 27, 71, 88, 69, 29, 25, 26]",[],"{""clip_factor"": 1, ""num_layers_clipped"": 102}"
60,clip,clip,"[0, 84, 41, 86, 94, 13, 66, 3, 14, 51]",[],"{""clip_factor"": 1, ""num_layers_clipped"": 102}"
61,clip,clip,"[3, 36, 70, 1, 21, 32, 55, 18, 69, 8]",[],"{""clip_factor"": 1, ""num_layers_clipped"": 102}"
62,clip,clip,"[0, 77, 29, 65, 68, 89, 95, 79, 83, 47]",[],"{""clip_factor"": 1, ""num_layers_clipped"": 102}"
63,clip,clip,"[1, 10, 15, 46, 36, 86, 31, 73, 62, 70]",[],"{""clip_factor"": 1, ""num_layers_clipped"": 102}"
64,clip,clip,"[0, 47, 63, 32, 34, 12, 41, 75, 11, 3]",[],"{""clip_factor"": 1, ""num_layers_clipped"": 102}"
65,clip,clip,"[3, 55, 1, 65, 54, 24, 31, 92, 49, 46]",[],"{""clip_factor"": 1, ""num_layers_clipped"": 102}"
66,clip,clip,"[0, 38, 51, 5, 19, 53, 84, 23, 40, 64]",[],"{""clip_factor"": 1, ""num_layers_clipped"": 102}"
67,clip,clip,"[4, 82, 78, 17, 19, 44, 14, 71, 90, 55]",[],"{""clip_factor"": 1, ""num_layers_clipped"": 102}"
68,clip,clip,"[0, 32, 44, 6, 54, 17, 9, 8, 68, 38]",[],"{""clip_factor"": 1, ""num_layers_clipped"": 102}"
69,clip,clip,"[0, 10, 42, 62, 79, 75, 64, 84, 3, 51]",[],"{""clip_factor"": 1, ""num_layers_clipped"": 102}"
70,clip,clip,"[1, 91, 79, 68, 9, 5, 73, 62, 83, 46]",[],"{""clip_factor"": 1, ""num_layers_clipped"": 102}"
71,clip,clip,"[1, 55, 68, 51, 54, 48, 7, 69, 28, 71]",[],"{""clip_factor"": 1, ""num_layers_clipped"": 102}"
72,clip,clip,"[0, 98, 51, 72, 87, 21, 15, 38, 6, 57]",[],"{""clip_factor"": 1, ""num_layers_clipped"": 102}"
73,clip,clip,"[1, 61, 26, 7, 68, 88, 59, 11, 36, 97]",[],"{""clip_factor"": 1, ""num_layers_clipped"": 102}"
74,clip,clip,"[1, 75, 3, 25, 80, 2, 78, 20, 4, 7]",[],"{""clip_factor"": 1, ""num_layers_clipped"": 102}"
75,clip,clip,"[2, 95, 86, 51, 23, 6, 62, 0, 81, 84]",[],"{""clip_factor"": 1, ""num_layers_clipped"": 102}"
76,clip,clip,"[2, 64, 37, 66, 42, 84, 58, 80, 67, 92]",[],"{""clip_factor"": 1, ""num_layers_clipped"": 102}"
77,clip,clip,"[4, 68, 79, 22, 9, 30, 60, 69, 16, 43]",[],"{""clip_factor"": 1, ""num_layers_clipped"": 102}"
78,clip,clip,"[1, 20, 77, 27, 23, 18, 74, 59, 86, 87]",[],"{""clip_factor"": 1, ""num_layers_clipped"": 102}"
79,clip,clip,"[1, 99, 42, 33, 5, 15, 38, 76, 86, 87]",[],"{""clip_factor"": 1, ""num_layers_clipped"": 102}"
80,clip,clip,"[1, 71, 88, 38, 63, 99, 48, 31, 83, 11]",[],"{""clip_factor"": 1, ""num_layers_clipped"": 102}"
81,clip,clip,"[4, 69, 52, 40, 47, 77, 35, 59, 70, 7]",[],"{""clip_factor"": 1, ""num_layers_clipped"": 102}"
82,clip,clip,"[0, 61, 81, 74, 23, 95, 35, 97, 55, 28]",[],"{""clip_factor"": 1, ""num_layers_clipped"": 102}"
83,clip,clip,"[3, 53, 77, 67, 31, 62, 45, 47, 82, 84]",[],"{""clip_factor"": 1, ""num_layers_clipped"": 102}"
84,clip,clip,"[2, 83, 3, 36, 44, 70, 32, 64, 47, 5]",[],"{""clip_factor"": 1, ""num_layers_clipped"": 102}"
85,clip,clip,"[0, 95, 64, 96, 60, 5, 79, 75, 7, 94]",[],"{""clip_factor"": 1, ""num_layers_clipped"": 102}"
86,clip,clip,"[1, 15, 57, 19, 13, 81, 10, 30, 99, 47]",[],"{""clip_factor"": 1, ""num_layers_clipped"": 102}"
87,clip,clip,"[4, 91, 65, 0, 37, 25, 27, 31, 15, 97]",[],"{""clip_factor"": 1, ""num_layers_clipped"": 102}"
88,clip,clip,"[2, 87, 54, 75, 34, 3, 15, 7, 11, 40]",[],"{""clip_factor"": 1, ""num_layers_clipped"": 102}"
89,clip,clip,"[3, 4, 12, 80, 87, 26, 27, 42, 24, 0]",[],"{""clip_factor"": 1, ""num_layers_clipped"": 102}"
90,clip,clip,"[3, 22, 23, 50, 7, 88, 73, 27, 10, 96]",[],"{""clip_factor"": 1, ""num_layers_clipped"": 102}"
91,clip,clip,"[2, 17, 98, 50, 52, 30, 15, 49, 13, 38]",[],"{""clip_factor"": 1, ""num_layers_clipped"": 102}"
92,clip,clip,"[0, 71, 20, 25, 14, 1, 9, 61, 11, 89]",[],"{""clip_factor"": 1, ""num_layers_clipped"": 102}"
93,clip,clip,"[3, 16, 78, 75, 38, 41, 60, 95, 33, 6]",[],"{""clip_factor"": 1, ""num_layers_clipped"": 102}"
94,clip,clip,"[2, 98, 15, 78, 86, 82, 74, 47, 4, 71]",[],"{""clip_factor"": 1, ""num_layers_clipped"": 102}"
95,clip,clip,"[0, 77, 91, 2, 1, 97, 43, 53, 99, 57]",[],"{""clip_factor"": 1, ""num_layers_clipped"": 102}"
96,clip,clip,"[1, 82, 46, 21, 54, 29, 47, 77, 48, 12]",[],"{""clip_factor"": 1, ""num_layers_clipped"": 102}"
97,clip,clip,"[3, 56, 31, 47, 24, 34, 15, 84, 4, 20]",[],"{""clip_factor"": 1, ""num_layers_clipped"": 102}"
98,clip,clip,"[1, 68, 97, 49, 62, 13, 7, 51, 54, 42]",[],"{""clip_factor"": 1, ""num_layers_clipped"": 102}"
99,clip,clip,"[3, 2, 22, 38, 75, 25, 47, 58, 57, 37]",[],"{""clip_factor"": 1, ""num_layers_clipped"": 102}"
100,clip,clip,"[0, 86, 39, 75, 6, 48, 61, 11, 64, 44]",[],"{""clip_factor"": 1, ""num_layers_clipped"": 102}"
101,clip,clip,"[1, 20, 17, 92, 64, 88, 80, 89, 87, 99]",[],"{""clip_factor"": 1, ""num_layers_clipped"": 102}"
102,clip,clip,"[2, 21, 51, 16, 41, 68, 60, 67, 80, 91]",[],"{""clip_factor"": 1, ""num_layers_clipped"": 102}"
103,clip,clip,"[4, 77, 92, 15, 52, 94, 71, 32, 13, 62]",[],"{""clip_factor"": 1, ""num_layers_clipped"": 102}"
104,clip,clip,"[0, 41, 15, 12, 9, 34, 21, 93, 38, 90]",[],"{""clip_factor"": 1, ""num_layers_clipped"": 102}"
105,clip,clip,"[4, 40, 47, 54, 57, 28, 10, 87, 27, 95]",[],"{""clip_factor"": 1, ""num_layers_clipped"": 102}"
106,clip,clip,"[3, 92, 34, 12, 74, 0, 88, 53, 52, 77]",[],"{""clip_factor"": 1, ""num_layers_clipped"": 102}"
107,clip,clip,"[2, 40, 41, 84, 7, 70, 46, 61, 95, 0]",[],"{""clip_factor"": 1, ""num_layers_clipped"": 102}"
108,clip,clip,"[1, 33, 0, 16, 84, 12, 64, 52, 60, 4]",[],"{""clip_factor"": 1, ""num_layers_clipped"": 102}"
109,clip,clip,"[3, 14, 27, 84, 5, 15, 87, 17, 58, 28]",[],"{""clip_factor"": 1, ""num_layers_clipped"": 102}"
110,clip,clip,"[4, 29, 12, 86, 67, 81, 84, 59, 21, 3]",[],"{""clip_factor"": 1, ""num_layers_clipped"": 102}"
111,clip,clip,"[1, 41, 61, 76, 49, 46, 55, 34, 2, 4]",[],"{""clip_factor"": 1, ""num_layers_clipped"": 102}"
112,clip,clip,"[0, 73, 9, 86, 84, 95, 41, 38, 17, 52]",[],"{""clip_factor"": 1, ""num_layers_clipped"": 102}"
113,clip,clip,"[0, 91, 57, 71, 20, 38, 10, 16, 54, 36]",[],"{""clip_factor"": 1, ""num_layers_clipped"": 102}"
114,clip,clip,"[1, 35, 98, 89, 23, 39, 85, 91, 9, 16]",[],"{""clip_factor"": 1, ""num_layers_clipped"": 102}"
115,clip,clip,"[2, 61, 41, 38, 85, 51, 56, 19, 36, 97]",[],"{""clip_factor"": 1, ""num_layers_clipped"": 102}"
116,clip,clip,"[4, 19, 17, 30, 8, 83, 55, 38, 96, 10]",[],"{""clip_factor"": 1, ""num_layers_clipped"": 102}"
117,clip,clip,"[0, 55, 66, 34, 52, 8, 29, 67, 77, 45]",[],"{""clip_factor"": 1, ""num_layers_clipped"": 102}"
118,clip,clip,"[0, 81, 90, 44, 79, 20, 31, 36, 89, 55]",[],"{""clip_factor"": 1, ""num_layers_clipped"": 102}"
119,clip,clip,"[3, 41, 19, 9, 97, 64, 37, 55, 33, 42]",[],"{""clip_factor"": 1, ""num_layers_clipped"": 102}"
120,clip,clip,"[1, 98, 30, 13, 56, 97, 35, 75, 41, 2]",[],"{""clip_factor"": 1, ""num_layers_clipped"": 102}"
121,clip,clip,"[3, 5, 42, 83, 37, 14, 13, 89, 28, 61]",[],"{""clip_factor"": 1, ""num_layers_clipped"": 102}"
122,clip,clip,"[0, 29, 83, 87, 38, 55, 96, 31, 81, 14]",[],"{""clip_factor"": 1, ""num_layers_clipped"": 102}"
123,clip,clip,"[0, 64, 70, 77, 88, 6, 82, 62, 69, 55]",[],"{""clip_factor"": 1, ""num_layers_clipped"": 102}"
124,clip,clip,"[4, 88, 96, 42, 58, 49, 7, 15, 72, 99]",[],"{""clip_factor"": 1, ""num_layers_clipped"": 102}"
125,clip,clip,"[4, 30, 1, 36, 14, 90, 87, 42, 82, 37]",[],"{""clip_factor"": 1, ""num_layers_clipped"": 102}"
126,clip,clip,"[3, 40, 64, 31, 35, 90, 29, 48, 84, 78]",[],"{""clip_factor"": 1, ""num_layers_clipped"": 102}"
127,clip,clip,"[3, 32, 56, 98, 78, 62, 5, 13, 86, 55]",[],"{""clip_factor"": 1, ""num_layers_clipped"": 102}"
128,clip,clip,"[4, 99, 47, 20, 31, 10, 86, 90, 62, 41]",[],"{""clip_factor"": 1, ""num_layers_clipped"": 102}"
129,clip,clip,"[0, 33, 1, 73, 28, 61, 3, 11, 96, 15]",[],"{""clip_factor"": 1, ""num_layers_clipped"": 102}"
130,clip,clip,"[4, 42, 80, 51, 72, 74, 90, 58, 35, 83]",[],"{""clip_factor"": 1, ""num_layers_clipped"": 102}"
131,clip,clip,"[0, 95, 80, 46, 22, 73, 3, 42, 93, 85]",[],"{""clip_factor"": 1, ""num_layers_clipped"": 102}"
132,clip,clip,"[2, 5, 77, 45, 62, 74, 20, 65, 9, 68]",[],"{""clip_factor"": 1, ""num_layers_clipped"": 102}"
133,clip,clip,"[2, 58, 94, 20, 50, 51, 65, 7, 27, 95]",[],"{""clip_factor"": 1, ""num_layers_clipped"": 102}"
134,clip,clip,"[4, 78, 82, 23, 37, 10, 55, 13, 12, 77]",[],"{""clip_factor"": 1, ""num_layers_clipped"": 102}"
135,clip,clip,"[2, 35, 5, 89, 93, 82, 49, 23, 95, 63]",[],"{""clip_factor"": 1, ""num_layers_clipped"": 102}"
136,clip,clip,"[4, 83, 79, 3, 66, 69, 95, 96, 84, 7]",[],"{""clip_factor"": 1, ""num_layers_clipped"": 102}"
137,clip,clip,"[3, 65, 26, 12, 98, 16, 20, 86, 59, 75]",[],"{""clip_factor"": 1, ""num_layers_clipped"": 102}"
138,clip,clip,"[2, 78, 18, 71, 20, 21, 27, 31, 11, 24]",[],"{""clip_factor"": 1, ""num_layers_clipped"": 102}"
139,clip,clip,"[2, 50, 63, 64, 18, 45, 0, 89, 91, 28]",[],"{""clip_factor"": 1, ""num_layers_clipped"": 102}"
140,clip,clip,"[4, 45, 97, 55, 16, 23, 89, 59, 90, 15]",[],"{""clip_factor"": 1, ""num_layers_clipped"": 102}"
141,clip,clip,"[2, 12, 25, 36, 23, 64, 84, 91, 19, 26]",[],"{""clip_factor"": 1, ""num_layers_clipped"": 102}"
142,clip,clip,"[2, 84, 63, 30, 90, 33, 24, 13, 87, 40]",[],"{""clip_factor"": 1, ""num_layers_clipped"": 102}"
143,clip,clip,"[1, 2, 78, 33, 24, 5, 57, 77, 31, 62]",[],"{""clip_factor"": 1, ""num_layers_clipped"": 102}"
144,clip,clip,"[2, 15, 48, 84, 66, 59, 9, 80, 91, 79]",[],"{""clip_factor"": 1, ""num_layers_clipped"": 102}"
145,clip,clip,"[2, 19, 44, 7, 85, 43, 73, 18, 29, 83]",[],"{""clip_factor"": 1, ""num_layers_clipped"": 102}"
146,clip,clip,"[0, 99, 74, 47, 46, 89, 95, 88, 71, 63]",[],"{""clip_factor"": 1, ""num_layers_clipped"": 102}"
147,clip,clip,"[3, 78, 91, 29, 51, 38, 86, 24, 63, 27]",[],"{""clip_factor"": 1, ""num_layers_clipped"": 102}"
148,clip,clip,"[3, 75, 45, 59, 20, 29, 67, 93, 81, 13]",[],"{""clip_factor"": 1, ""num_layers_clipped"": 102}"
149,clip,clip,"[3, 88, 10, 17, 75, 20, 11, 31, 42, 14]",[],"{""clip_factor"": 1, ""num_layers_clipped"": 102}"
150,clip,clip,"[0, 85, 82, 10, 31, 84, 27, 7, 14, 4]",[],"{""clip_factor"": 1, ""num_layers_clipped"": 102}"
151,clip,clip,"[3, 43, 25, 48, 98, 87, 6, 23, 34, 52]",[],"{""clip_factor"": 1, ""num_layers_clipped"": 102}"
152,clip,clip,"[4, 36, 68, 37, 92, 94, 14, 22, 28, 18]",[],"{""clip_factor"": 1, ""num_layers_clipped"": 102}"
153,clip,clip,"[1, 24, 30, 22, 5, 72, 62, 32, 68, 97]",[],"{""clip_factor"": 1, ""num_layers_clipped"": 102}"
154,clip,clip,"[2, 91, 61, 8, 99, 97, 98, 93, 74, 39]",[],"{""clip_factor"": 1, ""num_layers_clipped"": 102}"
155,clip,clip,"[1, 75, 14, 32, 62, 2, 68, 46, 72, 57]",[],"{""clip_factor"": 1, ""num_layers_clipped"": 102}"
156,clip,clip,"[4, 27, 62, 80, 22, 16, 29, 15, 55, 95]",[],"{""clip_factor"": 1, ""num_layers_clipped"": 102}"
157,clip,clip,"[4, 24, 18, 49, 84, 7, 67, 0, 80, 77]",[],"{""clip_factor"": 1, ""num_layers_clipped"": 102}"
158,clip,clip,"[1, 58, 9, 48, 14, 80, 30, 10, 70, 39]",[],"{""clip_factor"": 1, ""num_layers_clipped"": 102}"
159,clip,clip,"[2, 92, 77, 70, 72, 99, 32, 0, 26, 57]",[],"{""clip_factor"": 1, ""num_layers_clipped"": 102}"
160,clip,clip,"[2, 84, 57, 95, 30, 70, 16, 13, 29, 27]",[],"{""clip_factor"": 1, ""num_layers_clipped"": 102}"
161,clip,clip,"[3, 8, 86, 33, 74, 35, 51, 22, 40, 47]",[],"{""clip_factor"": 1, ""num_layers_clipped"": 102}"
162,clip,clip,"[2, 40, 4, 57, 63, 1, 42, 30, 46, 84]",[],"{""clip_factor"": 1, ""num_layers_clipped"": 102}"
163,clip,clip,"[4, 67, 17, 27, 34, 71, 93, 13, 86, 16]",[],"{""clip_factor"": 1, ""num_layers_clipped"": 102}"
164,clip,clip,"[4, 3, 86, 72, 23, 73, 84, 96, 30, 67]",[],"{""clip_factor"": 1, ""num_layers_clipped"": 102}"
165,clip,clip,"[2, 8, 18, 94, 69, 36, 63, 62, 76, 71]",[],"{""clip_factor"": 1, ""num_layers_clipped"": 102}"
166,clip,clip,"[1, 44, 66, 63, 95, 46, 29, 60, 9, 48]",[],"{""clip_factor"": 1, ""num_layers_clipped"": 102}"
167,clip,clip,"[3, 99, 38, 13, 42, 31, 28, 96, 5, 58]",[],"{""clip_factor"": 1, ""num_layers_clipped"": 102}"
168,clip,clip,"[0, 49, 53, 54, 88, 64, 8, 83, 85, 90]",[],"{""clip_factor"": 1, ""num_layers_clipped"": 102}"
169,clip,clip,"[3, 28, 98, 30, 12, 13, 74, 9, 92, 56]",[],"{""clip_factor"": 1, ""num_layers_clipped"": 102}"
170,clip,clip,"[0, 14, 76, 43, 44, 96, 29, 4, 77, 32]",[],"{""clip_factor"": 1, ""num_layers_clipped"": 102}"
171,clip,clip,"[3, 27, 93, 15, 25, 33, 88, 8, 30, 63]",[],"{""clip_factor"": 1, ""num_layers_clipped"": 102}"
172,clip,clip,"[3, 80, 10, 60, 1, 28, 63, 74, 81, 84]",[],"{""clip_factor"": 1, ""num_layers_clipped"": 102}"
173,clip,clip,"[1, 4, 54, 13, 69, 75, 18, 7, 2, 37]",[],"{""clip_factor"": 1, ""num_layers_clipped"": 102}"
174,clip,clip,"[2, 67, 17, 6, 62, 19, 13, 51, 24, 35]",[],"{""clip_factor"": 1, ""num_layers_clipped"": 102}"
175,clip,clip,"[3, 89, 39, 17, 56, 72, 35, 62, 32, 19]",[],"{""clip_factor"": 1, ""num_layers_clipped"": 102}"
176,clip,clip,"[2, 42, 8, 99, 55, 43, 18, 74, 85, 78]",[],"{""clip_factor"": 1, ""num_layers_clipped"": 102}"
177,clip,clip,"[0, 43, 92, 29, 50, 57, 80, 82, 16, 17]",[],"{""clip_factor"": 1, ""num_layers_clipped"": 102}"
178,clip,clip,"[0, 58, 21, 96, 94, 5, 80, 45, 62, 71]",[],"{""clip_factor"": 1, ""num_layers_clipped"": 102}"
179,clip,clip,"[4, 2, 30, 41, 90, 42, 1, 69, 13, 73]",[],"{""clip_factor"": 1, ""num_layers_clipped"": 102}"
180,clip,clip,"[4, 97, 54, 70, 96, 34, 36, 42, 56, 91]",[],"{""clip_factor"": 1, ""num_layers_clipped"": 102}"
181,clip,clip,"[3, 96, 90, 93, 69, 11, 94, 58, 34, 38]",[],"{""clip_factor"": 1, ""num_layers_clipped"": 102}"
182,clip,clip,"[1, 5, 41, 34, 8, 82, 47, 11, 48, 89]",[],"{""clip_factor"": 1, ""num_layers_clipped"": 102}"
183,clip,clip,"[2, 54, 62, 36, 1, 73, 23, 7, 15, 94]",[],"{""clip_factor"": 1, ""num_layers_clipped"": 102}"
184,clip,clip,"[3, 83, 64, 41, 77, 95, 87, 32, 5, 4]",[],"{""clip_factor"": 1, ""num_layers_clipped"": 102}"
185,clip,clip,"[0, 29, 33, 81, 11, 39, 5, 45, 95, 69]",[],"{""clip_factor"": 1, ""num_layers_clipped"": 102}"
186,clip,clip,"[0, 50, 81, 62, 3, 74, 10, 33, 35, 56]",[],"{""clip_factor"": 1, ""num_layers_clipped"": 102}"
187,clip,clip,"[2, 40, 67, 33, 0, 7, 1, 6, 38, 5]",[],"{""clip_factor"": 1, ""num_layers_clipped"": 102}"
188,clip,clip,"[0, 38, 92, 53, 33, 46, 80, 60, 50, 68]",[],"{""clip_factor"": 1, ""num_layers_clipped"": 102}"
189,clip,clip,"[1, 38, 94, 69, 57, 45, 22, 47, 53, 3]",[],"{""clip_factor"": 1, ""num_layers_clipped"": 102}"
190,clip,clip,"[2, 71, 75, 78, 19, 37, 51, 55, 18, 41]",[],"{""clip_factor"": 1, ""num_layers_clipped"": 102}"
191,clip,clip,"[3, 55, 8, 11, 25, 68, 6, 90, 61, 78]",[],"{""clip_factor"": 1, ""num_layers_clipped"": 102}"
192,clip,clip,"[2, 95, 11, 12, 65, 15, 22, 86, 14, 50]",[],"{""clip_factor"": 1, ""num_layers_clipped"": 102}"
193,clip,clip,"[2, 23, 88, 85, 48, 8, 72, 87, 16, 73]",[],"{""clip_factor"": 1, ""num_layers_clipped"": 102}"
194,clip,clip,"[2, 78, 3, 40, 31, 14, 44, 57, 10, 64]",[],"{""clip_factor"": 1, ""num_layers_clipped"": 102}"
195,clip,clip,"[2, 10, 81, 56, 88, 36, 62, 99, 93, 85]",[],"{""clip_factor"": 1, ""num_layers_clipped"": 102}"
196,clip,clip,"[3, 25, 99, 13, 81, 6, 89, 30, 21, 90]",[],"{""clip_factor"": 1, ""num_layers_clipped"": 102}"
197,clip,clip,"[1, 16, 75, 59, 52, 61, 8, 21, 47, 40]",[],"{""clip_factor"": 1, ""num_layers_clipped"": 102}"
198,clip,clip,"[3, 13, 53, 66, 33, 38, 36, 49, 76, 54]",[],"{""clip_factor"": 1, ""num_layers_clipped"": 102}"
199,clip,clip,"[2, 47, 98, 83, 65, 78, 24, 33, 88, 40]",[],"{""clip_factor"": 1, ""num_layers_clipped"": 102}"
200,clip,clip,"[0, 86, 70, 30, 24, 66, 99, 9, 12, 31]",[],"{""clip_factor"": 1, ""num_layers_clipped"": 102}"
201,clip,clip,"[3, 81, 17, 35, 96, 88, 36, 99, 64, 92]",[],"{""clip_factor"": 1, ""num_layers_clipped"": 102}"
202,clip,clip,"[4, 91, 21, 75, 59, 96, 92, 42, 74, 12]",[],"{""clip_factor"": 1, ""num_layers_clipped"": 102}"
203,clip,clip,"[2, 39, 68, 74, 40, 3, 0, 85, 50, 44]",[],"{""clip_factor"": 1, ""num_layers_clipped"": 102}"
204,clip,clip,"[4, 33, 52, 31, 75, 20, 83, 96, 38, 72]",[],"{""clip_factor"": 1, ""num_layers_clipped"": 102}"
205,clip,clip,"[4, 64, 72, 2, 83, 62, 97, 32, 51, 86]",[],"{""clip_factor"": 1, ""num_layers_clipped"": 102}"
206,clip,clip,"[3, 54, 33, 74, 61, 27, 58, 68, 6, 42]",[],"{""clip_factor"": 1, ""num_layers_clipped"": 102}"
207,clip,clip,"[1, 36, 19, 45, 15, 73, 13, 69, 59, 16]",[],"{""clip_factor"": 1, ""num_layers_clipped"": 102}"
208,clip,clip,"[3, 17, 69, 74, 58, 40, 57, 56, 59, 55]",[],"{""clip_factor"": 1, ""num_layers_clipped"": 102}"
209,clip,clip,"[3, 97, 8, 89, 79, 11, 76, 16, 77, 25]",[],"{""clip_factor"": 1, ""num_layers_clipped"": 102}"
210,clip,clip,"[2, 21, 49, 33, 17, 44, 74, 85, 84, 79]",[],"{""clip_factor"": 1, ""num_layers_clipped"": 102}"
211,clip,clip,"[1, 15, 58, 56, 75, 64, 2, 68, 46, 54]",[],"{""clip_factor"": 1, ""num_layers_clipped"": 102}"
212,clip,clip,"[3, 41, 74, 15, 4, 81, 48, 84, 56, 94]",[],"{""clip_factor"": 1, ""num_layers_clipped"": 102}"
213,clip,clip,"[1, 94, 76, 84, 86, 54, 63, 6, 85, 39]",[],"{""clip_factor"": 1, ""num_layers_clipped"": 102}"
214,clip,clip,"[2, 58, 62, 15, 35, 5, 46, 60, 8, 18]",[],"{""clip_factor"": 1, ""num_layers_clipped"": 102}"
215,clip,clip,"[2, 96, 3, 90, 11, 47, 48, 37, 33, 80]",[],"{""clip_factor"": 1, ""num_layers_clipped"": 102}"
216,clip,clip,"[2, 5, 82, 80, 89, 69, 42, 59, 17, 48]",[],"{""clip_factor"": 1, ""num_layers_clipped"": 102}"
217,clip,clip,"[3, 81, 28, 63, 34, 35, 96, 71, 46, 44]",[],"{""clip_factor"": 1, ""num_layers_clipped"": 102}"
218,clip,clip,"[2, 91, 86, 84, 61, 50, 97, 87, 53, 27]",[],"{""clip_factor"": 1, ""num_layers_clipped"": 102}"
219,clip,clip,"[1, 44, 89, 35, 24, 0, 91, 43, 4, 73]",[],"{""clip_factor"": 1, ""num_layers_clipped"": 102}"
220,clip,clip,"[2, 28, 1, 88, 58, 21, 61, 94, 17, 68]",[],"{""clip_factor"": 1, ""num_layers_clipped"": 102}"
221,clip,clip,"[1, 61, 50, 74, 42, 87, 65, 72, 64, 8]",[],"{""clip_factor"": 1, ""num_layers_clipped"": 102}"
222,clip,clip,"[4, 75, 35, 21, 95, 83, 55, 52, 2, 31]",[],"{""clip_factor"": 1, ""num_layers_clipped"": 102}"
223,clip,clip,"[3, 55, 79, 70, 4, 82, 24, 60, 56, 88]",[],"{""clip_factor"": 1, ""num_layers_clipped"": 102}"
224,clip,clip,"[2, 34, 70, 23, 83, 99, 77, 37, 26, 89]",[],"{""clip_factor"": 1, ""num_layers_clipped"": 102}"
225,clip,clip,"[2, 6, 8, 62, 78, 51, 14, 56, 46, 29]",[],"{""clip_factor"": 1, ""num_layers_clipped"": 102}"
226,clip,clip,"[3, 64, 60, 88, 68, 33, 18, 36, 63, 14]",[],"{""clip_factor"": 1, ""num_layers_clipped"": 102}"
227,clip,clip,"[3, 37, 73, 9, 76, 15, 50, 25, 88, 55]",[],"{""clip_factor"": 1, ""num_layers_clipped"": 102}"
228,clip,clip,"[4, 43, 2, 88, 61, 23, 44, 78, 45, 5]",[],"{""clip_factor"": 1, ""num_layers_clipped"": 102}"
229,clip,clip,"[0, 50, 78, 10, 45, 55, 79, 61, 68, 8]",[],"{""clip_factor"": 1, ""num_layers_clipped"": 102}"
230,clip,clip,"[3, 80, 66, 19, 27, 7, 62, 86, 6, 2]",[],"{""clip_factor"": 1, ""num_layers_clipped"": 102}"
231,clip,clip,"[4, 9, 26, 28, 97, 96, 40, 95, 75, 2]",[],"{""clip_factor"": 1, ""num_layers_clipped"": 102}"
232,clip,clip,"[1, 27, 99, 62, 39, 30, 23, 56, 74, 92]",[],"{""clip_factor"": 1, ""num_layers_clipped"": 102}"
233,clip,clip,"[1, 98, 36, 80, 37, 13, 71, 0, 12, 90]",[],"{""clip_factor"": 1, ""num_layers_clipped"": 102}"
234,clip,clip,"[3, 87, 74, 82, 46, 79, 16, 83, 89, 23]",[],"{""clip_factor"": 1, ""num_layers_clipped"": 102}"
235,clip,clip,"[4, 39, 54, 34, 6, 32, 9, 14, 70, 20]",[],"{""clip_factor"": 1, ""num_layers_clipped"": 102}"
236,clip,clip,"[4, 60, 77, 13, 34, 56, 46, 76, 45, 11]",[],"{""clip_factor"": 1, ""num_layers_clipped"": 102}"
237,clip,clip,"[1, 4, 25, 30, 73, 96, 8, 48, 78, 50]",[],"{""clip_factor"": 1, ""num_layers_clipped"": 102}"
238,clip,clip,"[3, 88, 56, 83, 75, 33, 20, 28, 74, 38]",[],"{""clip_factor"": 1, ""num_layers_clipped"": 102}"
239,clip,clip,"[1, 72, 87, 27, 93, 62, 46, 96, 37, 21]",[],"{""clip_factor"": 1, ""num_layers_clipped"": 102}"
240,clip,clip,"[4, 65, 39, 50, 32, 61, 93, 62, 31, 40]",[],"{""clip_factor"": 1, ""num_layers_clipped"": 102}"
241,clip,clip,"[4, 81, 42, 7, 95, 32, 1, 94, 23, 58]",[],"{""clip_factor"": 1, ""num_layers_clipped"": 102}"
242,clip,clip,"[3, 18, 88, 11, 59, 74, 27, 10, 52, 21]",[],"{""clip_factor"": 1, ""num_layers_clipped"": 102}"
243,clip,clip,"[2, 6, 43, 46, 26, 21, 55, 57, 80, 78]",[],"{""clip_factor"": 1, ""num_layers_clipped"": 102}"
244,clip,clip,"[1, 36, 84, 82, 40, 87, 90, 66, 32, 89]",[],"{""clip_factor"": 1, ""num_layers_clipped"": 102}"
245,clip,clip,"[3, 19, 51, 72, 92, 60, 98, 91, 63, 76]",[],"{""clip_factor"": 1, ""num_layers_clipped"": 102}"
246,clip,clip,"[1, 94, 66, 86, 68, 73, 35, 77, 11, 22]",[],"{""clip_factor"": 1, ""num_layers_clipped"": 102}"
247,clip,clip,"[4, 56, 57, 22, 65, 63, 62, 33, 64, 69]",[],"{""clip_factor"": 1, ""num_layers_clipped"": 102}"
248,clip,clip,"[3, 79, 11, 7, 38, 2, 57, 49, 91, 22]",[],"{""clip_factor"": 1, ""num_layers_clipped"": 102}"
249,clip,clip,"[4, 49, 80, 41, 24, 96, 37, 13, 63, 29]",[],"{""clip_factor"": 1, ""num_layers_clipped"": 102}"
250,clip,clip,"[0, 86, 66, 7, 19, 3, 37, 34, 10, 91]",[],"{""clip_factor"": 1, ""num_layers_clipped"": 102}"
251,clip,clip,"[0, 59, 14, 73, 9, 18, 77, 36, 32, 89]",[],"{""clip_factor"": 1, ""num_layers_clipped"": 102}"
252,clip,clip,"[1, 59, 8, 24, 55, 47, 57, 68, 13, 38]",[],"{""clip_factor"": 1, ""num_layers_clipped"": 102}"
253,clip,clip,"[4, 51, 29, 46, 41, 3, 11, 75, 27, 48]",[],"{""clip_factor"": 1, ""num_layers_clipped"": 102}"
254,clip,clip,"[1, 9, 85, 11, 4, 15, 93, 42, 66, 39]",[],"{""clip_factor"": 1, ""num_layers_clipped"": 102}"
255,clip,clip,"[2, 51, 57, 29, 12, 62, 8, 89, 6, 93]",[],"{""clip_factor"": 1, ""num_layers_clipped"": 102}"
256,clip,clip,"[0, 86, 89, 60, 36, 73, 25, 12, 58, 47]",[],"{""clip_factor"": 1, ""num_layers_clipped"": 102}"
257,clip,clip,"[3, 4, 64, 30, 0, 24, 14, 91, 90, 57]",[],"{""clip_factor"": 1, ""num_layers_clipped"": 102}"
258,clip,clip,"[1, 59, 28, 31, 77, 62, 82, 85, 6, 11]",[],"{""clip_factor"": 1, ""num_layers_clipped"": 102}"
259,clip,clip,"[0, 13, 85, 38, 73, 22, 53, 21, 10, 71]",[],"{""clip_factor"": 1, ""num_layers_clipped"": 102}"
260,clip,clip,"[4, 21, 93, 87, 34, 1, 0, 54, 10, 27]",[],"{""clip_factor"": 1, ""num_layers_clipped"": 102}"
261,clip,clip,"[4, 49, 43, 35, 89, 76, 55, 52, 7, 22]",[],"{""clip_factor"": 1, ""num_layers_clipped"": 102}"
262,clip,clip,"[2, 11, 35, 32, 44, 70, 93, 6, 36, 61]",[],"{""clip_factor"": 1, ""num_layers_clipped"": 102}"
263,clip,clip,"[0, 9, 72, 92, 4, 5, 39, 44, 7, 11]",[],"{""clip_factor"": 1, ""num_layers_clipped"": 102}"
264,clip,clip,"[2, 96, 32, 9, 91, 15, 74, 42, 79, 81]",[],"{""clip_factor"": 1, ""num_layers_clipped"": 102}"
265,clip,clip,"[3, 8, 20, 62, 52, 77, 25, 90, 36, 97]",[],"{""clip_factor"": 1, ""num_layers_clipped"": 102}"
266,clip,clip,"[3, 63, 78, 56, 54, 7, 42, 33, 65, 43]",[],"{""clip_factor"": 1, ""num_layers_clipped"": 102}"
267,clip,clip,"[3, 20, 41, 61, 45, 1, 35, 22, 23, 40]",[],"{""clip_factor"": 1, ""num_layers_clipped"": 102}"
268,clip,clip,"[3, 34, 97, 8, 50, 76, 85, 96, 89, 65]",[],"{""clip_factor"": 1, ""num_layers_clipped"": 102}"
269,clip,clip,"[3, 97, 15, 94, 98, 63, 44, 34, 14, 95]",[],"{""clip_factor"": 1, ""num_layers_clipped"": 102}"
270,clip,clip,"[4, 21, 64, 14, 15, 39, 72, 13, 49, 8]",[],"{""clip_factor"": 1, ""num_layers_clipped"": 102}"
271,clip,clip,"[2, 72, 3, 10, 73, 64, 86, 43, 46, 63]",[],"{""clip_factor"": 1, ""num_layers_clipped"": 102}"
272,clip,clip,"[0, 72, 22, 52, 63, 95, 71, 49, 42, 6]",[],"{""clip_factor"": 1, ""num_layers_clipped"": 102}"
273,clip,clip,"[2, 35, 94, 38, 12, 39, 36, 96, 18, 80]",[],"{""clip_factor"": 1, ""num_layers_clipped"": 102}"
274,clip,clip,"[2, 99, 19, 96, 52, 64, 81, 3, 68, 69]",[],"{""clip_factor"": 1, ""num_layers_clipped"": 102}"
275,clip,clip,"[0, 90, 45, 6, 9, 43, 16, 30, 57, 86]",[],"{""clip_factor"": 1, ""num_layers_clipped"": 102}"
276,clip,clip,"[4, 85, 54, 99, 23, 53, 66, 33, 80, 57]",[],"{""clip_factor"": 1, ""num_layers_clipped"": 102}"
277,clip,clip,"[0, 38, 19, 33, 9, 53, 93, 73, 86, 65]",[],"{""clip_factor"": 1, ""num_layers_clipped"": 102}"
278,clip,clip,"[0, 38, 20, 1, 57, 49, 85, 69, 11, 84]",[],"{""clip_factor"": 1, ""num_layers_clipped"": 102}"
279,clip,clip,"[0, 6, 55, 69, 10, 34, 29, 47, 74, 61]",[],"{""clip_factor"": 1, ""num_layers_clipped"": 102}"
280,clip,clip,"[1, 86, 29, 77, 96, 84, 60, 51, 53, 95]",[],"{""clip_factor"": 1, ""num_layers_clipped"": 102}"
281,clip,clip,"[0, 88, 7, 41, 33, 16, 59, 11, 42, 5]",[],"{""clip_factor"": 1, ""num_layers_clipped"": 102}"
282,clip,clip,"[0, 64, 56, 2, 11, 89, 59, 45, 97, 15]",[],"{""clip_factor"": 1, ""num_layers_clipped"": 102}"
283,clip,clip,"[4, 0, 58, 61, 71, 33, 23, 65, 37, 48]",[],"{""clip_factor"": 1, ""num_layers_clipped"": 102}"
284,clip,clip,"[2, 59, 56, 14, 68, 81, 55, 62, 6, 63]",[],"{""clip_factor"": 1, ""num_layers_clipped"": 102}"
285,clip,clip,"[1, 89, 12, 78, 93, 21, 23, 71, 98, 30]",[],"{""clip_factor"": 1, ""num_layers_clipped"": 102}"
286,clip,clip,"[2, 76, 16, 34, 27, 1, 82, 20, 15, 47]",[],"{""clip_factor"": 1, ""num_layers_clipped"": 102}"
287,clip,clip,"[1, 58, 23, 96, 47, 80, 63, 69, 29, 26]",[],"{""clip_factor"": 1, ""num_layers_clipped"": 102}"
288,clip,clip,"[3, 60, 36, 89, 7, 68, 87, 74, 14, 22]",[],"{""clip_factor"": 1, ""num_layers_clipped"": 102}"
289,clip,clip,"[0, 45, 76, 75, 35, 37, 89, 60, 81, 99]",[],"{""clip_factor"": 1, ""num_layers_clipped"": 102}"
290,clip,clip,"[3, 76, 95, 69, 70, 4, 12, 23, 86, 22]",[],"{""clip_factor"": 1, ""num_layers_clipped"": 102}"
291,clip,clip,"[2, 97, 52, 17, 8, 69, 28, 54, 13, 96]",[],"{""clip_factor"": 1, ""num_layers_clipped"": 102}"
292,clip,clip,"[0, 72, 70, 5, 20, 46, 63, 85, 9, 52]",[],"{""clip_factor"": 1, ""num_layers_clipped"": 102}"
293,clip,clip,"[1, 92, 7, 95, 84, 51, 31, 59, 8, 29]",[],"{""clip_factor"": 1, ""num_layers_clipped"": 102}"
294,clip,clip,"[2, 44, 80, 46, 14, 41, 16, 51, 57, 49]",[],"{""clip_factor"": 1, ""num_layers_clipped"": 102}"
295,clip,clip,"[0, 56, 91, 53, 20, 74, 52, 45, 70, 51]",[],"{""clip_factor"": 1, ""num_layers_clipped"": 102}"
296,clip,clip,"[1, 50, 7, 17, 47, 32, 49, 66, 63, 25]",[],"{""clip_factor"": 1, ""num_layers_clipped"": 102}"
297,clip,clip,"[1, 8, 80, 19, 23, 42, 36, 47, 6, 71]",[],"{""clip_factor"": 1, ""num_layers_clipped"": 102}"
298,clip,clip,"[0, 50, 79, 35, 3, 57, 72, 60, 27, 84]",[],"{""clip_factor"": 1, ""num_layers_clipped"": 102}"
299,clip,clip,"[4, 64, 13, 69, 26, 82, 37, 16, 97, 8]",[],"{""clip_factor"": 1, ""num_layers_clipped"": 102}"
300,clip,clip,"[0, 82, 1, 56, 50, 42, 70, 38, 66, 37]",[],"{""clip_factor"": 1, ""num_layers_clipped"": 102}"
301,clip,clip,"[1, 92, 97, 73, 30, 4, 0, 36, 56, 8]",[],"{""clip_factor"": 1, ""num_layers_clipped"": 102}"
302,clip,clip,"[1, 90, 41, 84, 92, 54, 0, 91, 69, 78]",[],"{""clip_factor"": 1, ""num_layers_clipped"": 102}"
303,clip,clip,"[3, 5, 50, 36, 73, 88, 32, 61, 48, 80]",[],"{""clip_factor"": 1, ""num_layers_clipped"": 102}"
304,clip,clip,"[0, 37, 60, 79, 7, 82, 41, 96, 71, 32]",[],"{""clip_factor"": 1, ""num_layers_clipped"": 102}"
305,clip,clip,"[0, 34, 61, 2, 17, 63, 84, 68, 74, 4]",[],"{""clip_factor"": 1, ""num_layers_clipped"": 102}"
306,clip,clip,"[1, 59, 55, 34, 48, 15, 25, 0, 88, 99]",[],"{""clip_factor"": 1, ""num_layers_clipped"": 102}"
307,clip,clip,"[0, 42, 81, 7, 16, 80, 70, 63, 43, 39]",[],"{""clip_factor"": 1, ""num_layers_clipped"": 102}"
308,clip,clip,"[3, 27, 70, 66, 0, 37, 24, 63, 40, 4]",[],"{""clip_factor"": 1, ""num_layers_clipped"": 102}"
309,clip,clip,"[3, 21, 66, 22, 65, 42, 0, 57, 45, 41]",[],"{""clip_factor"": 1, ""num_layers_clipped"": 102}"
310,clip,clip,"[1, 24, 2, 48, 89, 18, 69, 47, 10, 41]",[],"{""clip_factor"": 1, ""num_layers_clipped"": 102}"
311,clip,clip,"[2, 8, 15, 25, 43, 21, 33, 60, 11, 12]",[],"{""clip_factor"": 1, ""num_layers_clipped"": 102}"
312,clip,clip,"[3, 71, 66, 61, 87, 98, 45, 1, 93, 47]",[],"{""clip_factor"": 1, ""num_layers_clipped"": 102}"
313,clip,clip,"[0, 27, 80, 96, 89, 16, 68, 82, 35, 12]",[],"{""clip_factor"": 1, ""num_layers_clipped"": 102}"
314,clip,clip,"[4, 3, 46, 96, 12, 38, 14, 17, 2, 92]",[],"{""clip_factor"": 1, ""num_layers_clipped"": 102}"
315,clip,clip,"[0, 64, 34, 81, 6, 36, 95, 48, 9, 43]",[],"{""clip_factor"": 1, ""num_layers_clipped"": 102}"
316,clip,clip,"[3, 75, 78, 28, 99, 20, 61, 53, 90, 80]",[],"{""clip_factor"": 1, ""num_layers_clipped"": 102}"
317,clip,clip,"[1, 49, 72, 74, 75, 34, 58, 29, 66, 60]",[],"{""clip_factor"": 1, ""num_layers_clipped"": 102}"
318,clip,clip,"[4, 26, 6, 73, 20, 87, 48, 23, 27, 78]",[],"{""clip_factor"": 1, ""num_layers_clipped"": 102}"
319,clip,clip,"[0, 49, 7, 47, 53, 26, 6, 57, 11, 20]",[],"{""clip_factor"": 1, ""num_layers_clipped"": 102}"
320,clip,clip,"[2, 16, 27, 62, 79, 39, 12, 18, 83, 41]",[],"{""clip_factor"": 1, ""num_layers_clipped"": 102}"
321,clip,clip,"[4, 9, 73, 29, 56, 50, 75, 37, 25, 39]",[],"{""clip_factor"": 1, ""num_layers_clipped"": 102}"
322,clip,clip,"[1, 55, 45, 87, 89, 25, 11, 85, 40, 95]",[],"{""clip_factor"": 1, ""num_layers_clipped"": 102}"
323,clip,clip,"[2, 89, 77, 36, 48, 54, 71, 98, 16, 5]",[],"{""clip_factor"": 1, ""num_layers_clipped"": 102}"
324,clip,clip,"[4, 75, 41, 14, 38, 49, 90, 30, 84, 69]",[],"{""clip_factor"": 1, ""num_layers_clipped"": 102}"
325,clip,clip,"[3, 80, 71, 75, 62, 53, 30, 31, 87, 98]",[],"{""clip_factor"": 1, ""num_layers_clipped"": 102}"
326,clip,clip,"[0, 17, 26, 2, 36, 20, 27, 31, 29, 89]",[],"{""clip_factor"": 1, ""num_layers_clipped"": 102}"
327,clip,clip,"[4, 68, 81, 98, 31, 14, 85, 73, 50, 0]",[],"{""clip_factor"": 1, ""num_layers_clipped"": 102}"
328,clip,clip,"[1, 42, 4, 79, 93, 92, 85, 20, 64, 3]",[],"{""clip_factor"": 1, ""num_layers_clipped"": 102}"
329,clip,clip,"[2, 0, 4, 40, 32, 70, 56, 49, 55, 66]",[],"{""clip_factor"": 1, ""num_layers_clipped"": 102}"
330,clip,clip,"[2, 60, 6, 64, 84, 20, 50, 95, 21, 41]",[],"{""clip_factor"": 1, ""num_layers_clipped"": 102}"
331,clip,clip,"[3, 94, 65, 78, 54, 55, 26, 53, 4, 46]",[],"{""clip_factor"": 1, ""num_layers_clipped"": 102}"
332,clip,clip,"[1, 63, 25, 68, 8, 72, 19, 26, 6, 73]",[],"{""clip_factor"": 1, ""num_layers_clipped"": 102}"
333,clip,clip,"[3, 4, 12, 78, 75, 70, 22, 38, 60, 64]",[],"{""clip_factor"": 1, ""num_layers_clipped"": 102}"
334,clip,clip,"[0, 81, 88, 60, 47, 13, 68, 89, 51, 18]",[],"{""clip_factor"": 1, ""num_layers_clipped"": 102}"
335,clip,clip,"[0, 1, 73, 65, 85, 81, 84, 53, 25, 52]",[],"{""clip_factor"": 1, ""num_layers_clipped"": 102}"
336,clip,clip,"[3, 68, 88, 23, 65, 84, 9, 55, 70, 74]",[],"{""clip_factor"": 1, ""num_layers_clipped"": 102}"
337,clip,clip,"[3, 1, 49, 52, 65, 88, 68, 9, 21, 63]",[],"{""clip_factor"": 1, ""num_layers_clipped"": 102}"
338,clip,clip,"[4, 7, 40, 94, 21, 48, 22, 70, 87, 35]",[],"{""clip_factor"": 1, ""num_layers_clipped"": 102}"
339,clip,clip,"[3, 42, 65, 2, 55, 70, 10, 87, 58, 77]",[],"{""clip_factor"": 1, ""num_layers_clipped"": 102}"
340,clip,clip,"[1, 21, 81, 37, 13, 86, 79, 59, 78, 57]",[],"{""clip_factor"": 1, ""num_layers_clipped"": 102}"
341,clip,clip,"[0, 28, 16, 6, 72, 8, 68, 34, 93, 1]",[],"{""clip_factor"": 1, ""num_layers_clipped"": 102}"
342,clip,clip,"[4, 70, 45, 93, 34, 33, 68, 59, 71, 74]",[],"{""clip_factor"": 1, ""num_layers_clipped"": 102}"
343,clip,clip,"[0, 35, 69, 32, 25, 33, 54, 41, 70, 49]",[],"{""clip_factor"": 1, ""num_layers_clipped"": 102}"
344,clip,clip,"[3, 95, 82, 18, 50, 8, 24, 13, 28, 9]",[],"{""clip_factor"": 1, ""num_layers_clipped"": 102}"
345,clip,clip,"[4, 89, 3, 55, 91, 96, 94, 54, 39, 8]",[],"{""clip_factor"": 1, ""num_layers_clipped"": 102}"
346,clip,clip,"[2, 82, 78, 74, 61, 88, 39, 29, 4, 68]",[],"{""clip_factor"": 1, ""num_layers_clipped"": 102}"
347,clip,clip,"[3, 93, 72, 1, 90, 28, 57, 68, 23, 83]",[],"{""clip_factor"": 1, ""num_layers_clipped"": 102}"
348,clip,clip,"[2, 91, 31, 57, 14, 17, 54, 95, 68, 64]",[],"{""clip_factor"": 1, ""num_layers_clipped"": 102}"
349,clip,clip,"[0, 37, 11, 43, 41, 63, 70, 82, 13, 31]",[],"{""clip_factor"": 1, ""num_layers_clipped"": 102}"
350,clip,clip,"[3, 26, 92, 10, 37, 22, 16, 62, 86, 44]",[],"{""clip_factor"": 1, ""num_layers_clipped"": 102}"
351,clip,clip,"[3, 18, 35, 62, 77, 78, 36, 93, 33, 32]",[],"{""clip_factor"": 1, ""num_layers_clipped"": 102}"
352,clip,clip,"[1, 15, 64, 70, 21, 58, 29, 93, 5, 46]",[],"{""clip_factor"": 1, ""num_layers_clipped"": 102}"
353,clip,clip,"[4, 62, 53, 56, 18, 5, 68, 40, 1, 57]",[],"{""clip_factor"": 1, ""num_layers_clipped"": 102}"
354,clip,clip,"[4, 36, 92, 52, 33, 1, 98, 15, 43, 57]",[],"{""clip_factor"": 1, ""num_layers_clipped"": 102}"
355,clip,clip,"[3, 38, 53, 50, 18, 15, 77, 79, 90, 63]",[],"{""clip_factor"": 1, ""num_layers_clipped"": 102}"
356,clip,clip,"[4, 85, 41, 55, 44, 81, 17, 39, 20, 34]",[],"{""clip_factor"": 1, ""num_layers_clipped"": 102}"
357,clip,clip,"[2, 72, 55, 52, 59, 23, 79, 74, 78, 8]",[],"{""clip_factor"": 1, ""num_layers_clipped"": 102}"
358,clip,clip,"[3, 21, 18, 92, 54, 61, 79, 35, 6, 56]",[],"{""clip_factor"": 1, ""num_layers_clipped"": 102}"
359,clip,clip,"[0, 13, 41, 34, 14, 30, 67, 21, 57, 92]",[],"{""clip_factor"": 1, ""num_layers_clipped"": 102}"
360,clip,clip,"[1, 72, 53, 86, 69, 68, 28, 31, 79, 18]",[],"{""clip_factor"": 1, ""num_layers_clipped"": 102}"
361,clip,clip,"[1, 69, 86, 97, 78, 68, 50, 18, 20, 46]",[],"{""clip_factor"": 1, ""num_layers_clipped"": 102}"
362,clip,clip,"[2, 55, 84, 65, 95, 54, 24, 73, 53, 56]",[],"{""clip_factor"": 1, ""num_layers_clipped"": 102}"
363,clip,clip,"[0, 8, 30, 47, 52, 48, 64, 35, 83, 71]",[],"{""clip_factor"": 1, ""num_layers_clipped"": 102}"
364,clip,clip,"[0, 72, 40, 26, 63, 84, 11, 91, 99, 75]",[],"{""clip_factor"": 1, ""num_layers_clipped"": 102}"
365,clip,clip,"[1, 53, 19, 62, 30, 81, 47, 0, 83, 52]",[],"{""clip_factor"": 1, ""num_layers_clipped"": 102}"
366,clip,clip,"[0, 7, 94, 10, 20, 55, 53, 37, 50, 82]",[],"{""clip_factor"": 1, ""num_layers_clipped"": 102}"
367,clip,clip,"[0, 75, 56, 10, 37, 78, 5, 73, 11, 1]",[],"{""clip_factor"": 1, ""num_layers_clipped"": 102}"
368,clip,clip,"[0, 77, 14, 56, 51, 46, 86, 76, 42, 40]",[],"{""clip_factor"": 1, ""num_layers_clipped"": 102}"
369,clip,clip,"[2, 40, 93, 32, 5, 7, 13, 61, 67, 35]",[],"{""clip_factor"": 1, ""num_layers_clipped"": 102}"
370,clip,clip,"[3, 17, 84, 95, 63, 94, 39, 98, 89, 21]",[],"{""clip_factor"": 1, ""num_layers_clipped"": 102}"
371,clip,clip,"[0, 83, 41, 24, 92, 17, 44, 86, 87, 71]",[],"{""clip_factor"": 1, ""num_layers_clipped"": 102}"
372,clip,clip,"[4, 65, 59, 88, 26, 8, 64, 21, 14, 53]",[],"{""clip_factor"": 1, ""num_layers_clipped"": 102}"
373,clip,clip,"[3, 48, 52, 73, 14, 6, 96, 58, 8, 81]",[],"{""clip_factor"": 1, ""num_layers_clipped"": 102}"
374,clip,clip,"[4, 87, 86, 52, 97, 9, 16, 64, 12, 28]",[],"{""clip_factor"": 1, ""num_layers_clipped"": 102}"
375,clip,clip,"[2, 0, 82, 19, 46, 5, 3, 53, 35, 23]",[],"{""clip_factor"": 1, ""num_layers_clipped"": 102}"
376,clip,clip,"[1, 59, 54, 33, 32, 40, 74, 83, 98, 86]",[],"{""clip_factor"": 1, ""num_layers_clipped"": 102}"
377,clip,clip,"[3, 44, 18, 56, 87, 88, 46, 8, 41, 25]",[],"{""clip_factor"": 1, ""num_layers_clipped"": 102}"
378,clip,clip,"[2, 64, 63, 87, 34, 11, 53, 1, 21, 66]",[],"{""clip_factor"": 1, ""num_layers_clipped"": 102}"
379,clip,clip,"[2, 90, 74, 46, 25, 92, 71, 69, 93, 64]",[],"{""clip_factor"": 1, ""num_layers_clipped"": 102}"
380,clip,clip,"[2, 46, 77, 82, 72, 64, 41, 73, 95, 24]",[],"{""clip_factor"": 1, ""num_layers_clipped"": 102}"
381,clip,clip,"[0, 34, 93, 9, 87, 45, 42, 21, 68, 95]",[],"{""clip_factor"": 1, ""num_layers_clipped"": 102}"
382,clip,clip,"[1, 98, 30, 7, 13, 52, 36, 94, 3, 85]",[],"{""clip_factor"": 1, ""num_layers_clipped"": 102}"
383,clip,clip,"[1, 81, 18, 78, 64, 59, 91, 36, 38, 83]",[],"{""clip_factor"": 1, ""num_layers_clipped"": 102}"
384,clip,clip,"[2, 30, 92, 19, 76, 90, 40, 45, 87, 59]",[],"{""clip_factor"": 1, ""num_layers_clipped"": 102}"
385,clip,clip,"[4, 55, 64, 89, 83, 94, 37, 91, 7, 38]",[],"{""clip_factor"": 1, ""num_layers_clipped"": 102}"
386,clip,clip,"[3, 59, 17, 34, 82, 98, 51, 93, 36, 80]",[],"{""clip_factor"": 1, ""num_layers_clipped"": 102}"
387,clip,clip,"[3, 20, 95, 66, 28, 85, 38, 14, 73, 1]",[],"{""clip_factor"": 1, ""num_layers_clipped"": 102}"
388,clip,clip,"[3, 58, 81, 85, 10, 2, 5, 77, 74, 57]",[],"{""clip_factor"": 1, ""num_layers_clipped"": 102}"
389,clip,clip,"[4, 38, 23, 79, 66, 22, 75, 73, 32, 9]",[],"{""clip_factor"": 1, ""num_layers_clipped"": 102}"
390,clip,clip,"[3, 82, 34, 17, 16, 65, 55, 46, 45, 78]",[],"{""clip_factor"": 1, ""num_layers_clipped"": 102}"
391,clip,clip,"[3, 7, 99, 24, 37, 67, 76, 10, 0, 44]",[],"{""clip_factor"": 1, ""num_layers_clipped"": 102}"
392,clip,clip,"[2, 61, 73, 74, 12, 47, 99, 68, 96, 34]",[],"{""clip_factor"": 1, ""num_layers_clipped"": 102}"
393,clip,clip,"[1, 34, 87, 45, 49, 15, 84, 19, 99, 29]",[],"{""clip_factor"": 1, ""num_layers_clipped"": 102}"
394,clip,clip,"[2, 27, 34, 36, 8, 92, 60, 89, 4, 66]",[],"{""clip_factor"": 1, ""num_layers_clipped"": 102}"
395,clip,clip,"[0, 54, 84, 28, 10, 94, 31, 76, 43, 79]",[],"{""clip_factor"": 1, ""num_layers_clipped"": 102}"
396,clip,clip,"[2, 31, 42, 58, 70, 96, 84, 35, 80, 3]",[],"{""clip_factor"": 1, ""num_layers_clipped"": 102}"
397,clip,clip,"[3, 27, 89, 94, 16, 20, 67, 21, 10, 82]",[],"{""clip_factor"": 1, ""num_layers_clipped"": 102}"
398,clip,clip,"[0, 10, 24, 51, 40, 82, 20, 13, 85, 66]",[],"{""clip_factor"": 1, ""num_layers_clipped"": 102}"
399,clip,clip,"[0, 41, 33, 34, 99, 64, 71, 65, 75, 28]",[],"{""clip_factor"": 1, ""num_layers_clipped"": 102}"
400,clip,clip,"[3, 82, 59, 7, 63, 8, 48, 4, 57, 80]",[],"{""clip_factor"": 1, ""num_layers_clipped"": 102}"
401,clip,clip,"[2, 83, 93, 3, 82, 52, 17, 50, 86, 28]",[],"{""clip_factor"": 1, ""num_layers_clipped"": 102}"
402,clip,clip,"[1, 57, 52, 23, 33, 92, 85, 98, 26, 17]",[],"{""clip_factor"": 1, ""num_layers_clipped"": 102}"
403,clip,clip,"[3, 43, 58, 20, 0, 99, 64, 78, 68, 7]",[],"{""clip_factor"": 1, ""num_layers_clipped"": 102}"
404,clip,clip,"[2, 95, 63, 6, 62, 66, 80, 96, 83, 31]",[],"{""clip_factor"": 1, ""num_layers_clipped"": 102}"
405,clip,clip,"[3, 78, 67, 64, 85, 43, 21, 90, 84, 25]",[],"{""clip_factor"": 1, ""num_layers_clipped"": 102}"
406,clip,clip,"[4, 76, 80, 56, 25, 50, 73, 14, 67, 39]",[],"{""clip_factor"": 1, ""num_layers_clipped"": 102}"
407,clip,clip,"[2, 36, 35, 14, 87, 76, 70, 29, 65, 47]",[],"{""clip_factor"": 1, ""num_layers_clipped"": 102}"
408,clip,clip,"[3, 92, 73, 20, 68, 22, 52, 19, 96, 78]",[],"{""clip_factor"": 1, ""num_layers_clipped"": 102}"
409,clip,clip,"[0, 13, 54, 46, 14, 41, 78, 93, 74, 22]",[],"{""clip_factor"": 1, ""num_layers_clipped"": 102}"
410,clip,clip,"[3, 37, 58, 70, 95, 64, 13, 47, 83, 43]",[],"{""clip_factor"": 1, ""num_layers_clipped"": 102}"
411,clip,clip,"[1, 25, 27, 10, 83, 58, 74, 30, 86, 28]",[],"{""clip_factor"": 1, ""num_layers_clipped"": 102}"
412,clip,clip,"[2, 64, 43, 50, 9, 79, 55, 96, 13, 60]",[],"{""clip_factor"": 1, ""num_layers_clipped"": 102}"
413,clip,clip,"[3, 47, 81, 7, 19, 15, 2, 6, 22, 64]",[],"{""clip_factor"": 1, ""num_layers_clipped"": 102}"
414,clip,clip,"[4, 55, 40, 85, 79, 99, 73, 46, 67, 86]",[],"{""clip_factor"": 1, ""num_layers_clipped"": 102}"
415,clip,clip,"[3, 8, 99, 0, 45, 16, 82, 17, 42, 30]",[],"{""clip_factor"": 1, ""num_layers_clipped"": 102}"
416,clip,clip,"[4, 84, 7, 54, 25, 13, 79, 90, 0, 43]",[],"{""clip_factor"": 1, ""num_layers_clipped"": 102}"
417,clip,clip,"[1, 64, 50, 77, 27, 22, 94, 72, 60, 82]",[],"{""clip_factor"": 1, ""num_layers_clipped"": 102}"
418,clip,clip,"[4, 88, 22, 91, 64, 37, 87, 50, 24, 23]",[],"{""clip_factor"": 1, ""num_layers_clipped"": 102}"
419,clip,clip,"[3, 66, 87, 79, 61, 41, 25, 12, 10, 96]",[],"{""clip_factor"": 1, ""num_layers_clipped"": 102}"
420,clip,clip,"[2, 21, 86, 34, 98, 27, 69, 63, 18, 85]",[],"{""clip_factor"": 1, ""num_layers_clipped"": 102}"
421,clip,clip,"[0, 57, 42, 58, 78, 25, 94, 13, 40, 84]",[],"{""clip_factor"": 1, ""num_layers_clipped"": 102}"
422,clip,clip,"[2, 33, 84, 78, 35, 15, 76, 91, 73, 49]",[],"{""clip_factor"": 1, ""num_layers_clipped"": 102}"
423,clip,clip,"[2, 41, 87, 74, 98, 84, 50, 23, 82, 34]",[],"{""clip_factor"": 1, ""num_layers_clipped"": 102}"
424,clip,clip,"[1, 71, 36, 0, 74, 92, 19, 99, 64, 58]",[],"{""clip_factor"": 1, ""num_layers_clipped"": 102}"
425,clip,clip,"[0, 46, 58, 30, 86, 82, 53, 68, 43, 1]",[],"{""clip_factor"": 1, ""num_layers_clipped"": 102}"
426,clip,clip,"[3, 8, 42, 87, 15, 70, 20, 45, 12, 83]",[],"{""clip_factor"": 1, ""num_layers_clipped"": 102}"
427,clip,clip,"[0, 4, 25, 12, 84, 69, 56, 58, 17, 3]",[],"{""clip_factor"": 1, ""num_layers_clipped"": 102}"
428,clip,clip,"[3, 46, 75, 14, 36, 95, 48, 54, 55, 10]",[],"{""clip_factor"": 1, ""num_layers_clipped"": 102}"
429,clip,clip,"[4, 53, 52, 94, 59, 88, 49, 1, 12, 93]",[],"{""clip_factor"": 1, ""num_layers_clipped"": 102}"
430,clip,clip,"[2, 7, 92, 35, 31, 0, 99, 11, 24, 51]",[],"{""clip_factor"": 1, ""num_layers_clipped"": 102}"
431,clip,clip,"[2, 44, 59, 49, 89, 39, 60, 48, 54, 83]",[],"{""clip_factor"": 1, ""num_layers_clipped"": 102}"
432,clip,clip,"[3, 47, 96, 59, 25, 93, 18, 76, 83, 62]",[],"{""clip_factor"": 1, ""num_layers_clipped"": 102}"
433,clip,clip,"[3, 39, 11, 98, 8, 44, 0, 56, 67, 42]",[],"{""clip_factor"": 1, ""num_layers_clipped"": 102}"
434,clip,clip,"[4, 2, 97, 93, 20, 31, 32, 7, 79, 39]",[],"{""clip_factor"": 1, ""num_layers_clipped"": 102}"
435,clip,clip,"[3, 98, 90, 24, 16, 40, 63, 82, 2, 54]",[],"{""clip_factor"": 1, ""num_layers_clipped"": 102}"
436,clip,clip,"[0, 49, 43, 29, 60, 2, 42, 27, 38, 22]",[],"{""clip_factor"": 1, ""num_layers_clipped"": 102}"
437,clip,clip,"[4, 77, 0, 63, 91, 68, 9, 82, 54, 20]",[],"{""clip_factor"": 1, ""num_layers_clipped"": 102}"
438,clip,clip,"[4, 26, 8, 74, 84, 49, 15, 46, 62, 7]",[],"{""clip_factor"": 1, ""num_layers_clipped"": 102}"
439,clip,clip,"[3, 51, 16, 78, 7, 29, 56, 59, 8, 43]",[],"{""clip_factor"": 1, ""num_layers_clipped"": 102}"
440,clip,clip,"[4, 8, 35, 16, 59, 85, 74, 82, 88, 61]",[],"{""clip_factor"": 1, ""num_layers_clipped"": 102}"
441,clip,clip,"[3, 78, 56, 87, 26, 14, 77, 74, 37, 53]",[],"{""clip_factor"": 1, ""num_layers_clipped"": 102}"
442,clip,clip,"[3, 5, 73, 80, 50, 87, 7, 71, 60, 35]",[],"{""clip_factor"": 1, ""num_layers_clipped"": 102}"
443,clip,clip,"[4, 54, 9, 20, 78, 66, 29, 2, 86, 97]",[],"{""clip_factor"": 1, ""num_layers_clipped"": 102}"
444,clip,clip,"[3, 70, 67, 40, 92, 61, 58, 73, 66, 65]",[],"{""clip_factor"": 1, ""num_layers_clipped"": 102}"
445,clip,clip,"[1, 33, 28, 59, 45, 80, 52, 68, 95, 51]",[],"{""clip_factor"": 1, ""num_layers_clipped"": 102}"
446,clip,clip,"[4, 88, 56, 23, 58, 33, 65, 24, 90, 30]",[],"{""clip_factor"": 1, ""num_layers_clipped"": 102}"
447,clip,clip,"[0, 5, 73, 92, 57, 9, 42, 33, 63, 43]",[],"{""clip_factor"": 1, ""num_layers_clipped"": 102}"
448,clip,clip,"[4, 46, 2, 15, 25, 98, 28, 50, 58, 20]",[],"{""clip_factor"": 1, ""num_layers_clipped"": 102}"
449,clip,clip,"[0, 9, 42, 49, 58, 98, 94, 67, 36, 3]",[],"{""clip_factor"": 1, ""num_layers_clipped"": 102}"
450,clip,clip,"[4, 21, 69, 24, 38, 97, 52, 40, 78, 83]",[],"{""clip_factor"": 1, ""num_layers_clipped"": 102}"
451,clip,clip,"[0, 83, 31, 58, 11, 54, 42, 8, 73, 36]",[],"{""clip_factor"": 1, ""num_layers_clipped"": 102}"
452,clip,clip,"[1, 85, 28, 14, 48, 73, 53, 82, 31, 61]",[],"{""clip_factor"": 1, ""num_layers_clipped"": 102}"
453,clip,clip,"[4, 11, 29, 16, 84, 79, 9, 47, 14, 66]",[],"{""clip_factor"": 1, ""num_layers_clipped"": 102}"
454,clip,clip,"[0, 91, 31, 49, 75, 3, 4, 36, 57, 77]",[],"{""clip_factor"": 1, ""num_layers_clipped"": 102}"
455,clip,clip,"[0, 39, 56, 94, 40, 37, 77, 34, 8, 99]",[],"{""clip_factor"": 1, ""num_layers_clipped"": 102}"
456,clip,clip,"[2, 88, 70, 9, 43, 13, 78, 98, 29, 79]",[],"{""clip_factor"": 1, ""num_layers_clipped"": 102}"
457,clip,clip,"[2, 20, 64, 72, 73, 12, 91, 81, 10, 80]",[],"{""clip_factor"": 1, ""num_layers_clipped"": 102}"
458,clip,clip,"[1, 56, 69, 77, 7, 3, 80, 65, 55, 87]",[],"{""clip_factor"": 1, ""num_layers_clipped"": 102}"
459,clip,clip,"[0, 82, 55, 67, 10, 38, 40, 11, 93, 50]",[],"{""clip_factor"": 1, ""num_layers_clipped"": 102}"
460,clip,clip,"[0, 14, 62, 98, 60, 88, 20, 78, 36, 21]",[],"{""clip_factor"": 1, ""num_layers_clipped"": 102}"
461,clip,clip,"[0, 53, 61, 7, 72, 4, 44, 95, 67, 96]",[],"{""clip_factor"": 1, ""num_layers_clipped"": 102}"
462,clip,clip,"[2, 71, 20, 36, 87, 1, 33, 80, 83, 62]",[],"{""clip_factor"": 1, ""num_layers_clipped"": 102}"
463,clip,clip,"[3, 92, 88, 76, 90, 42, 62, 23, 37, 0]",[],"{""clip_factor"": 1, ""num_layers_clipped"": 102}"
464,clip,clip,"[0, 30, 8, 26, 11, 47, 9, 96, 67, 53]",[],"{""clip_factor"": 1, ""num_layers_clipped"": 102}"
465,clip,clip,"[0, 58, 45, 76, 72, 78, 56, 23, 99, 20]",[],"{""clip_factor"": 1, ""num_layers_clipped"": 102}"
466,clip,clip,"[2, 79, 39, 82, 60, 54, 34, 83, 13, 35]",[],"{""clip_factor"": 1, ""num_layers_clipped"": 102}"
467,clip,clip,"[4, 45, 65, 28, 24, 47, 10, 77, 74, 5]",[],"{""clip_factor"": 1, ""num_layers_clipped"": 102}"
468,clip,clip,"[0, 2, 18, 52, 30, 28, 34, 80, 19, 57]",[],"{""clip_factor"": 1, ""num_layers_clipped"": 102}"
469,clip,clip,"[3, 90, 98, 61, 8, 69, 42, 74, 40, 87]",[],"{""clip_factor"": 1, ""num_layers_clipped"": 102}"
470,clip,clip,"[1, 55, 65, 23, 31, 79, 85, 96, 47, 95]",[],"{""clip_factor"": 1, ""num_layers_clipped"": 102}"
471,clip,clip,"[2, 34, 26, 89, 36, 33, 69, 24, 12, 31]",[],"{""clip_factor"": 1, ""num_layers_clipped"": 102}"
472,clip,clip,"[4, 82, 0, 16, 41, 83, 44, 62, 52, 78]",[],"{""clip_factor"": 1, ""num_layers_clipped"": 102}"
473,clip,clip,"[2, 13, 87, 48, 14, 27, 80, 70, 98, 47]",[],"{""clip_factor"": 1, ""num_layers_clipped"": 102}"
474,clip,clip,"[2, 32, 21, 27, 61, 47, 1, 65, 98, 28]",[],"{""clip_factor"": 1, ""num_layers_clipped"": 102}"
475,clip,clip,"[4, 64, 32, 16, 60, 41, 22, 20, 88, 92]",[],"{""clip_factor"": 1, ""num_layers_clipped"": 102}"
476,clip,clip,"[1, 19, 36, 31, 33, 90, 13, 95, 27, 73]",[],"{""clip_factor"": 1, ""num_layers_clipped"": 102}"
477,clip,clip,"[2, 95, 62, 74, 56, 42, 22, 71, 0, 63]",[],"{""clip_factor"": 1, ""num_layers_clipped"": 102}"
478,clip,clip,"[1, 29, 48, 3, 2, 54, 91, 34, 89, 42]",[],"{""clip_factor"": 1, ""num_layers_clipped"": 102}"
479,clip,clip,"[2, 93, 67, 6, 40, 22, 79, 38, 61, 87]",[],"{""clip_factor"": 1, ""num_layers_clipped"": 102}"
480,clip,clip,"[4, 21, 67, 49, 24, 47, 95, 45, 57, 96]",[],"{""clip_factor"": 1, ""num_layers_clipped"": 102}"
481,clip,clip,"[1, 74, 25, 94, 96, 58, 3, 99, 55, 97]",[],"{""clip_factor"": 1, ""num_layers_clipped"": 102}"
482,clip,clip,"[1, 81, 82, 47, 65, 60, 93, 28, 49, 3]",[],"{""clip_factor"": 1, ""num_layers_clipped"": 102}"
483,clip,clip,"[4, 8, 48, 46, 69, 18, 87, 54, 19, 97]",[],"{""clip_factor"": 1, ""num_layers_clipped"": 102}"
484,clip,clip,"[1, 91, 86, 11, 53, 59, 48, 3, 9, 26]",[],"{""clip_factor"": 1, ""num_layers_clipped"": 102}"
485,clip,clip,"[1, 82, 58, 96, 4, 28, 39, 99, 13, 37]",[],"{""clip_factor"": 1, ""num_layers_clipped"": 102}"
486,clip,clip,"[3, 62, 44, 97, 49, 90, 70, 66, 87, 54]",[],"{""clip_factor"": 1, ""num_layers_clipped"": 102}"
487,clip,clip,"[1, 95, 63, 12, 31, 57, 76, 69, 61, 2]",[],"{""clip_factor"": 1, ""num_layers_clipped"": 102}"
488,clip,clip,"[4, 3, 89, 43, 32, 65, 24, 70, 75, 71]",[],"{""clip_factor"": 1, ""num_layers_clipped"": 102}"
489,clip,clip,"[0, 23, 91, 20, 84, 29, 85, 79, 50, 43]",[],"{""clip_factor"": 1, ""num_layers_clipped"": 102}"
490,clip,clip,"[3, 89, 96, 47, 25, 98, 83, 63, 50, 35]",[],"{""clip_factor"": 1, ""num_layers_clipped"": 102}"
491,clip,clip,"[2, 43, 15, 21, 81, 42, 50, 20, 22, 1]",[],"{""clip_factor"": 1, ""num_layers_clipped"": 102}"
492,clip,clip,"[4, 85, 27, 36, 99, 53, 33, 87, 35, 17]",[],"{""clip_factor"": 1, ""num_layers_clipped"": 102}"
493,clip,clip,"[4, 73, 88, 94, 50, 16, 27, 67, 8, 58]",[],"{""clip_factor"": 1, ""num_layers_clipped"": 102}"
494,clip,clip,"[0, 72, 87, 49, 6, 94, 56, 73, 76, 84]",[],"{""clip_factor"": 1, ""num_layers_clipped"": 102}"
495,clip,clip,"[1, 78, 77, 34, 44, 10, 5, 50, 85, 68]",[],"{""clip_factor"": 1, ""num_layers_clipped"": 102}"
496,clip,clip,"[1, 67, 93, 20, 79, 19, 10, 49, 75, 94]",[],"{""clip_factor"": 1, ""num_layers_clipped"": 102}"
497,clip,clip,"[3, 1, 40, 89, 24, 63, 65, 48, 90, 64]",[],"{""clip_factor"": 1, ""num_layers_clipped"": 102}"
498,clip,clip,"[0, 97, 8, 32, 54, 84, 25, 82, 2, 47]",[],"{""clip_factor"": 1, ""num_layers_clipped"": 102}"
499,clip,clip,"[3, 77, 43, 84, 97, 54, 23, 41, 81, 5]",[],"{""clip_factor"": 1, ""num_layers_clipped"": 102}"
500,clip,clip,"[4, 50, 79, 39, 10, 18, 28, 41, 22, 71]",[],"{""clip_factor"": 1, ""num_layers_clipped"": 102}"
