,main,main_loss,backdoor,backdoor_loss,lr
1,10.0,0.009681182694435119,0.0,0.007396806657314301,0.002
2,92.45,0.0011867307037115096,9.84,0.03909207525253296,0.002
3,92.36,0.0012013275191187858,9.83,0.038248210430145264,0.002
4,92.38,0.00119076896160841,9.78,0.038140261554718016,0.002
5,92.35,0.0011913936570286752,18.19,0.017717003726959227,0.002
6,92.36999999999999,0.0012061733677983283,16.25,0.018962590980529784,0.002
7,92.24,0.001202771858870983,15.75,0.0201607843875885,0.002
8,92.45,0.0011949251383543014,16.16,0.01949487099647522,0.002
9,92.25999999999999,0.001192220474779606,15.14,0.02062376389503479,0.002
10,92.29,0.0011876572877168655,15.72,0.020189858102798462,0.002
11,92.4,0.0011935569733381272,16.02,0.019416876602172853,0.002
12,92.54,0.0011903668850660324,15.740000000000002,0.020234779596328734,0.002
13,92.38,0.0011939705297350884,15.160000000000002,0.019735986757278442,0.002
14,92.34,0.0011871924191713334,14.74,0.019493053388595583,0.002
15,92.28,0.0011838859140872956,15.45,0.0198455810546875,0.002
16,92.25,0.0011906621396541596,15.010000000000002,0.020568925189971925,0.002
17,92.28,0.0011908892259001732,32.62,0.009813908696174621,0.002
18,92.30000000000001,0.001192815351486206,29.98,0.011087051510810852,0.002
19,92.34,0.0011934766232967377,30.11,0.01082937171459198,0.002
20,92.30000000000001,0.0011909240379929542,28.439999999999998,0.011852367782592773,0.002
21,92.41,0.0011824650213122369,27.939999999999998,0.011930348134040833,0.002
22,92.33,0.001188820530474186,29.099999999999998,0.011409422612190247,0.002
23,92.38,0.0011869004130363465,26.91,0.012921370077133178,0.002
24,92.41,0.0011833102390170097,28.17,0.012336077857017517,0.002
25,92.34,0.001185473383963108,28.560000000000002,0.011960586214065552,0.002
26,92.43,0.0011800582885742187,27.089999999999996,0.01227358341217041,0.002
27,92.38,0.0011815575256943704,26.07,0.012124645137786865,0.002
28,92.47,0.0011774174109101295,25.590000000000003,0.012955759143829345,0.002
29,92.41,0.0011719541966915131,26.090000000000003,0.01289010956287384,0.002
30,92.43,0.0011634675845503806,25.259999999999998,0.013255685234069824,0.002
31,92.51,0.0011602843388915061,23.57,0.013148042392730713,0.002
32,92.53,0.0011698168858885764,24.709999999999997,0.012904648160934448,0.002
33,92.44,0.0011802999019622804,23.36,0.013215071105957031,0.002
34,92.34,0.0011782299503684045,22.66,0.013269732093811035,0.002
35,92.52,0.0011737399473786354,24.34,0.013416690945625306,0.002
36,92.5,0.001182873074710369,25.35,0.012949250483512878,0.002
37,92.49000000000001,0.0011781639128923417,24.11,0.012984741306304932,0.002
38,92.53,0.0011770663827657699,23.200000000000003,0.013413792943954467,0.002
39,92.45,0.0011770910605788231,23.200000000000003,0.013309525513648987,0.002
40,92.47999999999999,0.0011741128236055374,23.96,0.013370099472999573,0.002
41,92.41,0.0011757493734359742,24.560000000000002,0.012771762228012086,0.002
42,92.54,0.0011673845022916794,22.759999999999998,0.014301828503608704,0.002
43,92.49000000000001,0.0011832247212529181,43.94,0.007697757637500763,0.002
44,92.43,0.0011724702835083007,41.81,0.007784903407096862,0.002
45,92.41,0.0011748965278267861,41.4,0.007754570043087006,0.002
46,92.4,0.0011873005777597427,39.900000000000006,0.00807345335483551,0.002
47,92.47999999999999,0.0011821421414613723,38.080000000000005,0.008337731611728669,0.002
48,92.43,0.0011835985735058785,39.34,0.008303575015068055,0.002
49,92.42,0.0011850802034139632,37.419999999999995,0.008328348553180695,0.002
50,92.39,0.0011799838274717332,39.31,0.00849231059551239,0.002
51,92.35,0.0011903038859367371,71.06,0.003088695365190506,0.002
52,92.45,0.001175105533003807,64.07000000000001,0.0038842177867889406,0.002
53,92.29,0.0011775556847453117,85.25,0.001538786980509758,0.002
54,92.28,0.0011816073521971702,91.29,0.0008760008633136749,0.002
55,92.15,0.0011951619759202003,90.32,0.0009977817445993424,0.002
56,92.17999999999999,0.0011905531898140907,89.14999999999999,0.0011193877816200255,0.002
57,92.23,0.0011850495621562004,89.03,0.0011588546872138977,0.002
58,92.39,0.0011615408629179,88.12,0.001240615452826023,0.002
59,92.51,0.0011731492251157761,85.99,0.0014591602519154548,0.002
60,92.36,0.0011725387766957282,86.97,0.0013430521979928016,0.002
61,92.36999999999999,0.0011768455415964126,85.69,0.001489095875620842,0.002
62,92.43,0.0011705639213323593,85.64,0.001516218738257885,0.002
63,92.46,0.0011682021513581275,90.68,0.0009724938914179802,0.002
64,92.35,0.0011768952235579491,91.16,0.0009053401708602906,0.002
65,92.51,0.0011460226401686668,89.39,0.0010965824976563454,0.002
66,92.5,0.0011444950595498086,88.69,0.0011644380763173104,0.002
67,92.52,0.0011697293162345886,87.33999999999999,0.0013390636056661606,0.002
68,92.45,0.0011689544856548308,90.9,0.00091830063611269,0.002
69,92.30000000000001,0.0011717486724257468,91.64,0.0008329940870404243,0.002
70,92.39,0.001180497869849205,91.22,0.0008833886921405793,0.002
71,92.44,0.0011654955998063087,90.61,0.0009674506425857544,0.002
72,92.46,0.0011824749693274499,89.96,0.0010295526891946792,0.002
73,92.47,0.0011745092809200288,89.36,0.001081364130973816,0.002
74,92.55,0.0011755489155650138,89.18,0.0011187405109405518,0.002
75,92.4,0.0011696263581514358,93.14,0.0006847325436770916,0.002
76,92.53,0.0011740887343883513,92.84,0.0007082456186413765,0.002
77,92.46,0.0011652467221021652,92.38,0.0007622660294175148,0.002
78,92.49000000000001,0.0011788013890385628,92.32000000000001,0.0007630523666739464,0.002
79,92.61,0.0011711126074194908,91.03,0.0009051947236061096,0.002
80,92.47999999999999,0.0011824883207678795,91.46,0.0008596195369958878,0.002
81,92.44,0.0011776835158467294,89.03999999999999,0.0011057536140084267,0.002
82,92.31,0.001191285228729248,89.61,0.0010485676407814026,0.002
83,92.33,0.0011788704350590706,94.38,0.000569722231477499,0.002
84,92.39,0.0011797752678394317,93.75,0.0006250238925218582,0.002
85,92.4,0.0011796994879841804,95.24000000000001,0.0004813312016427517,0.002
86,92.49000000000001,0.0011747440844774245,94.71000000000001,0.0005279943190515041,0.002
87,92.44,0.001181974957883358,92.86999999999999,0.0007024766333401203,0.002
88,92.31,0.0011837097689509392,93.78999999999999,0.0006241814434528351,0.002
89,92.41,0.0011726767629384994,93.13,0.0006764739461243153,0.002
90,92.39,0.00116788127720356,92.47999999999999,0.0007406984999775887,0.002
91,92.51,0.0011695503771305083,92.86,0.0007175688184797764,0.002
92,92.57,0.0011670281067490578,92.21000000000001,0.0007853558093309402,0.002
93,92.53,0.0011679035246372222,92.45,0.0007547797098755837,0.002
94,92.5,0.0011517687082290649,91.22,0.0008967838183045388,0.002
95,92.45,0.001180160814523697,94.31,0.0005702813066542149,0.002
96,92.46,0.001166131541132927,94.17999999999999,0.0005854336515069008,0.002
97,92.42,0.0011706894546747208,94.34,0.0005726467937231063,0.002
98,92.47,0.0011722428292036057,94.75,0.0005359632395207882,0.002
99,92.42,0.00116533063352108,93.42,0.0006419153235852718,0.002
100,92.5,0.0011624172940850259,92.58999999999999,0.000748170942813158,0.002
101,92.58,0.0011810108214616775,94.07,0.0006002942502498626,0.002
102,92.44,0.0011850750237703323,93.03,0.00068540755584836,0.002
103,92.55,0.0011718905106186867,93.63,0.0006385824643075466,0.002
104,92.53,0.0011700698181986808,93.03,0.0006827352076768875,0.002
105,92.47,0.001176865305006504,92.4,0.000756310547888279,0.002
106,92.61,0.0011658410415053369,90.4,0.0009740459561347961,0.002
107,92.56,0.0011777220383286475,91.86999999999999,0.0008210950255393982,0.002
108,92.54,0.0011632535353302957,92.21000000000001,0.0007822571076452732,0.002
109,92.57,0.001171302855014801,92.16,0.0007867429591715335,0.002
110,92.57,0.0011653691053390503,92.04,0.0008045183956623078,0.002
111,92.51,0.0011658381789922715,91.95,0.000794286297261715,0.002
112,92.52,0.0011688676834106446,91.12,0.0009113048687577248,0.002
113,92.44,0.0011767287328839301,89.87,0.0010214112043380737,0.002
114,92.53,0.001176875053346157,91.29,0.0008879092589020729,0.002
115,92.56,0.0011783089980483055,91.28,0.0008747529745101928,0.002
116,92.57,0.001167027835547924,90.82000000000001,0.0009424967437982559,0.002
117,92.64,0.001172529010474682,90.31,0.0009732303693890572,0.002
118,92.60000000000001,0.0011723751589655877,90.88000000000001,0.0009128619372844696,0.002
119,92.63,0.0011760668441653252,90.45,0.0009570577323436737,0.002
120,92.51,0.0011832602828741074,89.53,0.0010579196214675903,0.002
121,92.53,0.001168911737203598,90.12,0.0010195739850401878,0.002
122,92.55,0.0011670789375901223,89.16,0.0011277148544788361,0.002
123,92.60000000000001,0.0011563338682055472,88.22,0.0012633038625121118,0.002
124,92.62,0.0011697664961218834,87.67,0.0012792870253324508,0.002
125,92.5,0.0011639813244342804,87.31,0.0013290556907653809,0.002
126,92.53,0.0011699495762586593,88.37,0.0012021641746163367,0.002
127,92.53,0.001177908493578434,87.74,0.0012834376320242883,0.002
128,92.52,0.0011583371832966805,86.72999999999999,0.0014283756151795388,0.002
129,92.58999999999999,0.0011771622195839882,87.85,0.0012784699738025665,0.002
130,92.47,0.0011692557230591773,87.01,0.0013544498607516288,0.002
131,92.53,0.001175473041832447,86.69,0.0013941551730036735,0.002
132,92.58999999999999,0.0011736123755574227,86.36,0.0014076293483376503,0.002
133,92.55,0.0011714173942804337,86.31,0.0014415320575237275,0.002
134,92.60000000000001,0.0011794798508286475,86.48,0.0014328363567590713,0.002
135,92.62,0.001177610495686531,85.50999999999999,0.0015656250417232513,0.002
136,92.67,0.0011710070475935935,85.58,0.001494119355082512,0.002
137,92.67999999999999,0.0011824186965823174,84.75,0.0015978176563978194,0.002
138,92.52,0.0011693644776940345,83.62,0.0017093858122825623,0.002
139,92.57,0.0011740443050861358,84.04,0.001645336565375328,0.002
140,92.58,0.0011772945299744605,83.63000000000001,0.0017282234340906142,0.002
141,92.60000000000001,0.0011710236459970475,82.78999999999999,0.0017879033863544465,0.002
142,92.51,0.0011806362867355347,84.65,0.0015870858997106552,0.002
143,92.5,0.0011846303537487984,85.11999999999999,0.0015631528079509734,0.002
144,92.62,0.0011754649057984352,84.56,0.0016020775020122529,0.002
145,92.52,0.0011762171819806099,82.31,0.001906247103214264,0.002
146,92.55,0.0011793628618121147,82.71,0.0018266212433576583,0.002
147,92.49000000000001,0.0011881022810935973,84.35000000000001,0.001635717162489891,0.002
148,92.62,0.0011864037781953811,84.28999999999999,0.001606997162103653,0.002
149,92.65,0.0011778552830219269,82.05,0.0018503758430480958,0.002
150,92.47,0.0011926211565732956,84.23,0.0016472983956336974,0.002
151,92.65,0.0011751118913292885,82.92,0.001777699762582779,0.002
152,92.57,0.0011734583199024201,82.94,0.0018006300568580626,0.002
153,92.47999999999999,0.0011780845388770103,80.55,0.002062811580300331,0.002
154,92.43,0.0011809826985001565,81.72,0.0019044831097126008,0.002
155,92.53,0.001176710855960846,82.56,0.0018640385836362838,0.002
156,92.41,0.0011773698464035988,82.13000000000001,0.0018527325302362442,0.002
157,92.55,0.0011629070356488228,80.61,0.0020786685228347777,0.002
158,92.54,0.0011742658108472824,81.63,0.001911773732304573,0.002
159,92.55,0.0011676651552319527,81.36,0.0019483683109283447,0.002
160,92.49000000000001,0.0011678307011723519,79.95,0.002142913666367531,0.002
161,92.58999999999999,0.0011772107303142547,80.82000000000001,0.0020324985712766646,0.002
162,92.57,0.0011877599403262138,81.82000000000001,0.00193999046087265,0.002
163,92.47999999999999,0.001180909651517868,81.15,0.0020607148945331576,0.002
164,92.51,0.0011710316225886344,79.67,0.0021897650361061096,0.002
165,92.42,0.001181333164870739,81.63,0.0019518570244312287,0.002
166,92.53,0.0011755923941731453,79.36,0.002253775054216385,0.002
167,92.51,0.0011556347101926803,80.21000000000001,0.002155840674042702,0.002
168,92.5,0.0011819582805037499,78.64,0.0023139208257198333,0.002
169,92.57,0.001173493766784668,78.85,0.002319741305708885,0.002
170,92.49000000000001,0.0011735689356923104,77.35,0.002415974545478821,0.002
171,92.46,0.0011780512526631355,78.68,0.00231118046939373,0.002
172,92.5,0.001187877543270588,81.16,0.0019975178390741347,0.002
173,92.57,0.0011725749120116234,79.9,0.0021209454506635667,0.002
174,92.51,0.0011741033658385278,79.45,0.0021589566200971603,0.002
175,92.58999999999999,0.0011724445536732673,77.55,0.0024252980828285216,0.002
176,92.56,0.0011659549444913864,78.51,0.0023429240942001344,0.002
177,92.61,0.001182576224207878,77.82,0.0024201634138822556,0.002
178,92.54,0.0011657414942979813,76.84,0.0024736008435487745,0.002
179,92.5,0.0011638995692133903,76.34,0.002574622803926468,0.002
180,92.54,0.0011688392981886863,76.71,0.0024602841585874557,0.002
181,92.5,0.001167740349471569,78.2,0.0023008668422698974,0.002
182,92.64,0.0011686955019831657,79.33,0.00225783654153347,0.002
183,92.58,0.001169235061109066,77.99000000000001,0.0023186212211847306,0.002
184,92.53,0.0011731079444289208,77.7,0.002365774142742157,0.002
185,92.55,0.0011689292877912522,76.47,0.0025738616734743117,0.002
186,92.57,0.0011768129035830497,77.73,0.0024234820514917373,0.002
187,92.54,0.0011903360277414322,78.79,0.0022474749177694322,0.002
188,92.62,0.001186700950562954,80.88,0.0020854150205850603,0.002
189,92.58999999999999,0.0011708385452628136,76.14,0.0026654305905103684,0.002
190,92.64,0.0011684854552149772,77.10000000000001,0.0024590299010276793,0.002
191,92.60000000000001,0.0011759398624300956,78.61,0.0022400158792734146,0.002
192,92.58,0.0011774819955229759,75.71,0.0025748294442892073,0.002
193,92.43,0.0011835246741771699,78.43,0.002346532392501831,0.002
194,92.53,0.0011715401858091354,77.99000000000001,0.0023376338720321656,0.002
195,92.54,0.0011807503506541253,77.64,0.0023796439200639724,0.002
196,92.54,0.0011775752156972885,77.60000000000001,0.002432408058643341,0.002
197,92.4,0.0011837761744856834,75.62,0.0026414245933294297,0.002
198,92.53,0.0011797868400812148,78.25,0.0022868259489536285,0.002
199,92.53,0.0011820459678769113,76.85,0.0024963159888982773,0.002
200,92.56,0.0011745703861117363,75.53999999999999,0.0026666220426559448,0.002
201,92.47999999999999,0.0011768509730696677,76.77000000000001,0.002536059737205505,0.002
202,92.53,0.0011848535522818566,76.28,0.002569680368900299,0.002
203,92.51,0.0011866805106401444,76.05,0.00259704205095768,0.002
204,92.53,0.0011662027969956397,75.59,0.002629182788729668,0.002
205,92.55,0.0011842574641108513,76.3,0.0024660465478897097,0.002
206,92.45,0.0011734774976968766,76.69,0.0025097978204488753,0.002
207,92.56,0.0011799245357513428,76.23,0.0026186425626277925,0.002
208,92.43,0.001194092519581318,77.49000000000001,0.002458276405930519,0.002
209,92.54,0.0011780130878090858,75.21,0.002740749943256378,0.002
210,92.55,0.0011653122946619987,76.25,0.0025065002173185347,0.002
211,92.49000000000001,0.0011744878232479096,74.42,0.002827284151315689,0.002
212,92.5,0.0011835790783166886,74.29,0.002772802770137787,0.002
213,92.5,0.0011800464063882828,74.85000000000001,0.0027386571049690246,0.002
214,92.43,0.0011780198529362678,69.93,0.0033562835991382597,0.002
215,92.58,0.0011782475605607032,74.42,0.002797056424617767,0.002
216,92.67,0.0011774372056126594,72.8,0.0030477976202964783,0.002
217,92.53,0.0011700213581323623,73.79,0.0028735375583171844,0.002
218,92.56,0.0011710063710808755,74.33,0.002795624053478241,0.002
219,92.42,0.0011694202646613122,73.1,0.0029344212532043455,0.002
220,92.5,0.0011663376733660699,73.33,0.00298039453625679,0.002
221,92.53,0.0011730251252651215,74.56,0.002765218210220337,0.002
222,92.56,0.0011813873559236526,71.1,0.0032605971813201903,0.002
223,92.5,0.0011767789825797082,71.5,0.003129881155490875,0.002
224,92.52,0.0011629794120788573,73.49,0.0029197772204875945,0.002
225,92.61,0.0011563139528036118,72.86,0.002973695373535156,0.002
226,92.58,0.0011786199077963829,74.22,0.002762140530347824,0.002
227,92.49000000000001,0.0011845104470849038,73.61999999999999,0.0029717710256576537,0.002
228,92.49000000000001,0.001186133897304535,73.34,0.0029609415113925936,0.002
229,92.58999999999999,0.0011942554190754891,74.74,0.0027614132046699523,0.002
230,92.72,0.0011657239243388175,74.55000000000001,0.0027945797204971313,0.002
231,92.62,0.0011613655403256416,72.47,0.0030679729342460633,0.002
232,92.57,0.0011924720957875252,73.72999999999999,0.0029417003095149994,0.002
233,92.58,0.001174199716746807,72.64,0.0031228777289390563,0.002
234,92.63,0.001181466118991375,72.65,0.0030692497670650482,0.002
235,92.63,0.0011842614114284515,73.88,0.002849846351146698,0.002
236,92.66,0.001178387875854969,71.0,0.003312052255868912,0.002
237,92.65,0.0011791035443544388,72.41,0.0031236024022102357,0.002
238,92.58,0.0011741387695074082,70.67,0.003243254542350769,0.002
239,92.67999999999999,0.001178319801390171,71.94,0.003070059359073639,0.002
240,92.58999999999999,0.0011753272354602814,71.28999999999999,0.0032227109014987946,0.002
241,92.61,0.0011710688427090646,70.14,0.003308946669101715,0.002
242,92.58,0.0011746022328734398,70.16,0.0033329410314559935,0.002
243,92.64,0.0011748152181506157,70.8,0.0033597276270389558,0.002
244,92.58999999999999,0.0011637548923492432,70.84,0.0033041684865951536,0.002
245,92.65,0.0011870019227266312,73.31,0.002988564682006836,0.002
246,92.60000000000001,0.0011831459775567055,66.47,0.003732707667350769,0.002
247,92.60000000000001,0.0011803155615925788,71.58,0.0031617785692214964,0.002
248,92.67999999999999,0.001172817051410675,68.65,0.0034870704114437104,0.002
249,92.49000000000001,0.0011851097002625465,68.86,0.003452713418006897,0.002
250,92.62,0.0011862088963389397,70.34,0.003250575304031372,0.002
251,92.55,0.001177543281018734,67.57,0.0036840950429439545,0.002
252,92.54,0.0011717587098479271,69.77,0.0033696506619453432,0.002
253,92.63,0.0011738448798656463,70.52000000000001,0.0033009977698326112,0.002
254,92.60000000000001,0.001181887586414814,69.44,0.003396624290943146,0.002
255,92.63,0.0011773908510804177,68.97999999999999,0.0034466594159603117,0.002
256,92.53,0.0011778369069099426,70.54,0.0032798915684223175,0.002
257,92.62,0.0011741750165820122,67.54,0.00366789111495018,0.002
258,92.61,0.0011851792633533478,69.13,0.0033839282512664794,0.002
259,92.54,0.0011739708721637725,69.33,0.003360259860754013,0.002
260,92.55,0.001152423083782196,68.88,0.003487693923711777,0.002
261,92.67999999999999,0.0011622932493686676,68.0,0.003653564912080765,0.002
262,92.63,0.0011802368074655533,66.51,0.0037622252225875856,0.002
263,92.61,0.0011943600982427596,69.21000000000001,0.003468773055076599,0.002
264,92.61,0.0011874800905585289,67.28,0.0037207197785377503,0.002
265,92.36,0.0011786901026964187,68.8,0.0034624103665351867,0.002
266,92.5,0.001162733420729637,65.36999999999999,0.0038237656772136686,0.002
267,92.61,0.0011540398865938187,67.56,0.003618752831220627,0.002
268,92.51,0.0011712441384792327,66.64999999999999,0.003814923220872879,0.002
269,92.69,0.0011691255435347556,67.67,0.0036644135296344756,0.002
270,92.56,0.0011566761165857314,66.45,0.0036571126759052277,0.002
271,92.64,0.0011704372853040695,65.85,0.0038165792524814607,0.002
272,92.56,0.0011966069355607034,70.05,0.003335026180744171,0.002
273,92.69,0.0011876794219017029,70.61,0.0032691492974758147,0.002
274,92.62,0.0011700157955288888,67.63,0.0035894276082515716,0.002
275,92.57,0.0011740138396620751,66.05,0.0037188561320304872,0.002
276,92.5,0.0011776662230491637,65.86,0.0038096163272857667,0.002
277,92.62,0.0011845132380723952,65.38000000000001,0.0038641306340694427,0.002
278,92.55,0.0011780295208096503,66.14,0.0037218250811100004,0.002
279,92.58999999999999,0.0011729365542531014,63.6,0.004133791816234589,0.002
280,92.58,0.001175371517241001,65.34,0.003939824521541595,0.002
281,92.67,0.0011688664048910141,66.07,0.003801818472146988,0.002
282,92.54,0.0011846398085355759,67.47999999999999,0.0035706018686294558,0.002
283,92.67999999999999,0.0011629602387547493,67.56,0.00361087082028389,0.002
284,92.58,0.0011965104639530182,67.78,0.0035699431896209716,0.002
285,92.52,0.001198122937977314,65.97,0.003733771288394928,0.002
286,92.71000000000001,0.0011784233570098876,66.47,0.003747615218162537,0.002
287,92.51,0.0011873686954379083,66.38,0.0036943119645118714,0.002
288,92.57,0.0011751831367611885,64.57000000000001,0.004005253928899765,0.002
289,92.58999999999999,0.0011796462699770927,63.5,0.0041078242003917695,0.002
290,92.57,0.0011843985736370087,65.89,0.0037400895655155184,0.002
291,92.56,0.0011755574837327004,63.04,0.004083999401330948,0.002
292,92.58999999999999,0.0011812565922737122,64.39,0.004057570731639862,0.002
293,92.58,0.0011832261487841607,63.72,0.0040455664992332455,0.002
294,92.57,0.0011642744705080987,66.05,0.0036988413751125335,0.002
295,92.60000000000001,0.0011846630364656448,64.88000000000001,0.003925706589221954,0.002
296,92.62,0.0011868389233946801,64.79,0.003909133851528168,0.002
297,92.61,0.0011828473851084708,62.72,0.004112954205274582,0.002
298,92.63,0.0011770716845989227,62.82,0.004192708146572113,0.002
299,92.62,0.001186212657392025,66.16,0.0038114811539649964,0.002
300,92.47999999999999,0.0011846353963017463,63.94,0.004064403295516968,0.002
301,92.55,0.0011863409519195557,65.63,0.003945678377151489,0.002
302,92.58999999999999,0.0011894275158643723,63.339999999999996,0.0040918772518634796,0.002
303,92.62,0.0011811168879270553,63.6,0.004137443786859513,0.002
304,92.67,0.0011732301205396652,65.41,0.0038922714948654174,0.002
305,92.49000000000001,0.0011776027232408524,63.01,0.004167563265562058,0.002
306,92.43,0.001183457787334919,63.1,0.004218030786514282,0.002
307,92.66,0.0011849293500185013,64.67,0.00395986105799675,0.002
308,92.47999999999999,0.0011743429243564606,64.5,0.003986593466997147,0.002
309,92.47,0.00118372892588377,63.68000000000001,0.004169172644615173,0.002
310,92.47999999999999,0.0011828282952308655,64.5,0.004062939637899399,0.002
311,92.36,0.001192479294538498,62.32,0.0042210442125797274,0.002
312,92.58999999999999,0.0011845609739422798,63.67,0.004076099085807801,0.002
313,92.51,0.0011772599563002585,63.46000000000001,0.004149790811538696,0.002
314,92.64,0.0011634836405515672,64.08,0.004104418927431106,0.002
315,92.55,0.0011748079791665078,64.23,0.004046848398447037,0.002
316,92.56,0.0011717340052127838,64.47,0.00398778994679451,0.002
317,92.54,0.0011811218559741974,62.53999999999999,0.004257584875822068,0.002
318,92.58,0.0011695822268724442,62.68,0.004318044853210449,0.002
319,92.5,0.00117918930798769,61.7,0.0042811435639858245,0.002
320,92.47999999999999,0.0011831842109560967,61.31999999999999,0.004408821219205856,0.002
321,92.54,0.0011770479515194894,61.58,0.004322077882289887,0.002
322,92.63,0.0011756083339452743,63.43,0.004112585204839706,0.002
323,92.63,0.0011783555284142495,59.95,0.004532985609769821,0.002
324,92.55,0.0011746409848332406,61.46,0.004415300339460373,0.002
325,92.58999999999999,0.0011815753266215324,62.980000000000004,0.004245287966728211,0.002
326,92.46,0.0011906617626547813,63.38,0.004214842689037323,0.002
327,92.53,0.0011901740655303002,63.13999999999999,0.004149662739038468,0.002
328,92.63,0.0011804417625069618,65.12,0.0038755934178829193,0.002
329,92.56,0.001169408467411995,59.53000000000001,0.004564203399419785,0.002
330,92.56,0.0011697656020522118,60.81999999999999,0.0042716039776802064,0.002
331,92.56,0.001180461013317108,62.73,0.004186603981256485,0.002
332,92.58999999999999,0.0011724376544356345,63.05,0.004294849878549576,0.002
333,92.58999999999999,0.0011782839834690094,63.28,0.004138035970926285,0.002
334,92.33,0.0011901393219828605,62.849999999999994,0.004139439725875854,0.002
335,92.49000000000001,0.0011873978361487388,62.41,0.0042141286969184875,0.002
336,92.58999999999999,0.0011638320684432984,61.99,0.004281832879781723,0.002
337,92.58,0.0011817269548773765,60.74,0.004422323215007782,0.002
338,92.55,0.0011743863597512246,63.73,0.004136963373422622,0.002
339,92.56,0.001179630695283413,61.5,0.0044220014095306395,0.002
340,92.58,0.0011858949080109597,63.04,0.004148151451349258,0.002
341,92.58999999999999,0.0011740144088864327,61.17,0.0043875495970249175,0.002
342,92.58,0.0011835130527615546,61.86000000000001,0.004267711478471756,0.002
343,92.56,0.001161134684085846,59.25,0.004551852464675903,0.002
344,92.57,0.0011612220302224159,59.97,0.004619761973619461,0.002
345,92.56,0.0011877036303281783,67.81,0.0035625444293022157,0.002
346,92.56,0.0011783664584159852,61.0,0.004471112895011902,0.002
347,92.58999999999999,0.0011718124136328696,60.85,0.004430628645420075,0.002
348,92.62,0.0011765439912676812,61.480000000000004,0.004358706665039062,0.002
349,92.54,0.0011713441774249076,61.56,0.004298844230175018,0.002
350,92.53,0.0011807728871703147,62.38,0.00429623122215271,0.002
351,92.56,0.0011750699415802957,61.27,0.004464631706476212,0.002
352,92.61,0.0011796562850475312,60.309999999999995,0.00453029368519783,0.002
353,92.65,0.0011797334611415864,61.760000000000005,0.004342499697208404,0.002
354,92.61,0.0011759141758084298,60.89,0.0044815906286239625,0.002
355,92.41,0.0011865314945578576,57.46,0.004922397089004517,0.002
356,92.52,0.0011922406986355782,63.160000000000004,0.004184723591804504,0.002
357,92.51,0.0011862281322479247,61.650000000000006,0.00427747209072113,0.002
358,92.62,0.0011833503976464272,60.56,0.004456791841983795,0.002
359,92.58,0.0011759506464004517,60.47,0.004525286167860031,0.002
360,92.53,0.0011719686985015869,59.5,0.0045865210831165315,0.002
361,92.52,0.0011782716006040572,62.41,0.004200097358226776,0.002
362,92.49000000000001,0.001190752026438713,60.97,0.00438532446026802,0.002
363,92.46,0.0011859263181686402,61.44,0.0043071315288543705,0.002
364,92.46,0.0011867071598768233,60.0,0.004629091644287109,0.002
365,92.55,0.0011782182574272156,59.75,0.0045209554970264436,0.002
366,92.51,0.001193679788708687,60.0,0.004488024550676346,0.002
367,92.55,0.0011800087869167327,60.940000000000005,0.004426792484521866,0.002
368,92.58999999999999,0.0011793822586536407,60.12,0.004523396933078766,0.002
369,92.57,0.0011891740784049033,60.050000000000004,0.004449305033683777,0.002
370,92.64,0.001158379203081131,59.48,0.004548699045181274,0.002
371,92.61,0.0011769898563623428,59.199999999999996,0.00461651194691658,0.002
372,92.54,0.0011927712604403496,61.83,0.004251312547922134,0.002
373,92.5,0.0011863614946603775,58.3,0.004766711139678955,0.002
374,92.60000000000001,0.0011669530406594277,57.730000000000004,0.004779780501127243,0.002
375,92.56,0.0011781265705823898,58.540000000000006,0.004810855633020401,0.002
376,92.51,0.0011865282848477364,62.01,0.00429567694067955,0.002
377,92.49000000000001,0.0011718250095844268,60.3,0.0044900216102600095,0.002
378,92.58,0.0011817985624074936,59.230000000000004,0.004681838303804397,0.002
379,92.58999999999999,0.0011850393712520598,57.730000000000004,0.005043894386291504,0.002
380,92.60000000000001,0.0011764360532164574,57.3,0.005142351543903351,0.002
381,92.58999999999999,0.001173491021990776,60.73,0.004487949973344803,0.002
382,92.53,0.001165125423669815,58.29,0.004884996628761291,0.002
383,92.60000000000001,0.0011770985409617423,58.41,0.0046388330161571505,0.002
384,92.57,0.0011713562160730361,59.56,0.004535708832740784,0.002
385,92.63,0.00117387243360281,59.99,0.0044871216475963595,0.002
386,92.65,0.0011778996750712394,60.040000000000006,0.004510797375440597,0.002
387,92.69,0.0011758097752928734,57.730000000000004,0.004929038906097412,0.002
388,92.66,0.0011813643842935562,58.85,0.004665748047828674,0.002
389,92.61,0.0011832155972719193,60.38,0.004358271181583405,0.002
390,92.62,0.0011668323904275894,58.67,0.004633703082799911,0.002
391,92.60000000000001,0.0011727645292878152,61.63999999999999,0.00429121510386467,0.002
392,92.71000000000001,0.0011827168077230455,59.79,0.0044384083867073055,0.002
393,92.45,0.0011844891130924225,56.38999999999999,0.0050063636064529415,0.002
394,92.60000000000001,0.0011669823139905929,59.260000000000005,0.004629360777139663,0.002
395,92.69,0.0011706646203994751,59.36,0.004521636295318604,0.002
396,92.66,0.0011742733031511307,60.35,0.004503880178928376,0.002
397,92.58999999999999,0.0011853922858834267,59.8,0.0044395551443099975,0.002
398,92.63,0.0011800051599740982,59.81999999999999,0.004503369498252869,0.002
399,92.58,0.001182920216023922,58.040000000000006,0.004777802705764771,0.002
400,92.56,0.0011840335130691528,58.78,0.004650098598003387,0.002
401,92.56,0.001182363660633564,59.58,0.0046321797311306,0.002
402,92.67,0.0011607985898852348,56.65,0.005005877685546875,0.002
403,92.54,0.00117552999407053,58.81999999999999,0.004632664859294891,0.002
404,92.62,0.0011831143274903296,58.269999999999996,0.004817620778083801,0.002
405,92.61,0.0011709304854273796,57.28,0.004945260870456695,0.002
406,92.61,0.0011617726057767867,55.82,0.0050577699184417724,0.002
407,92.58999999999999,0.001160115075111389,55.669999999999995,0.005074290251731873,0.002
408,92.46,0.00118090558052063,58.78,0.004716003215312957,0.002
409,92.63,0.00118496346026659,59.14,0.004681005692481995,0.002
410,92.55,0.0011771748393774033,56.940000000000005,0.005028363919258118,0.002
411,92.64,0.0011724899083375932,57.98,0.00478411238193512,0.002
412,92.58,0.0011781018078327178,58.269999999999996,0.004780097311735153,0.002
413,92.54,0.001170411056280136,57.06,0.004981401872634888,0.002
414,92.75999999999999,0.0011610558271408081,58.79,0.004685036009550094,0.002
415,92.61,0.0011779651835560798,55.43,0.0051105212330818175,0.002
416,92.53,0.0011846579879522324,57.989999999999995,0.004818505340814591,0.002
417,92.60000000000001,0.001167456665635109,56.96,0.004974761140346527,0.002
418,92.47999999999999,0.0011872866913676262,57.13,0.004897899723052978,0.002
419,92.53,0.0011884121328592301,58.43000000000001,0.00472033303976059,0.002
420,92.52,0.001184079198539257,57.220000000000006,0.004847889566421509,0.002
421,92.65,0.0011698048263788223,56.49999999999999,0.005054297304153442,0.002
422,92.63,0.0011797848418354988,58.989999999999995,0.004732857429981232,0.002
423,92.66,0.0011792247906327249,58.919999999999995,0.004792179191112518,0.002
424,92.7,0.0011676937595009804,57.489999999999995,0.0048412546038627624,0.002
425,92.75,0.0011687013387680055,57.26,0.004813878309726715,0.002
426,92.65,0.0011727231934666633,55.74,0.005149034368991852,0.002
427,92.66,0.0011768950626254082,56.52,0.004888825953006744,0.002
428,92.62,0.0011722913593053817,59.08,0.004631988835334778,0.002
429,92.58,0.0011837050452828408,58.489999999999995,0.00477236767411232,0.002
430,92.63,0.001176617170870304,56.79,0.0049835045337677,0.002
431,92.55,0.0011845697715878486,56.089999999999996,0.005004200267791748,0.002
432,92.54,0.0011772161826491356,57.410000000000004,0.004829397743940354,0.002
433,92.57,0.0011775545746088027,55.47,0.005149948513507843,0.002
434,92.55,0.001184715935587883,56.04,0.005326923286914825,0.002
435,92.60000000000001,0.0011874274969100951,57.46,0.0051276759266853334,0.002
436,92.60000000000001,0.0011934508681297302,58.14,0.004805146878957748,0.002
437,92.61,0.0011703513994812966,53.76,0.00520405433177948,0.002
438,92.58999999999999,0.0011622758820652962,55.17999999999999,0.005105859458446503,0.002
439,92.58,0.0011709904387593268,56.66,0.005162547779083252,0.002
440,92.55,0.0011836272552609444,57.25,0.004890506899356842,0.002
441,92.51,0.0011798727929592133,56.169999999999995,0.005004389727115631,0.002
442,92.57,0.0011885924741625786,57.65,0.00476635149717331,0.002
443,92.62,0.0011717315584421158,56.779999999999994,0.0049136962890625,0.002
444,92.57,0.0011843456774950026,55.559999999999995,0.005048644328117371,0.002
445,92.53,0.0011795335173606872,55.78999999999999,0.005149519026279449,0.002
446,92.60000000000001,0.0011717327654361725,55.54,0.005122829186916351,0.002
447,92.58,0.0011898061096668243,54.14,0.0051824557542800905,0.002
448,92.62,0.0011683556899428368,54.43,0.005248180532455444,0.002
449,92.63,0.0011885355114936828,54.82,0.005323204529285431,0.002
450,92.64,0.001184992180764675,55.60000000000001,0.005154855239391327,0.002
451,92.57,0.001186541172862053,57.599999999999994,0.004876292157173156,0.002
452,92.58999999999999,0.001179696762561798,54.08,0.005258149755001068,0.002
453,92.46,0.001190905149281025,59.14,0.004576860910654068,0.002
454,92.60000000000001,0.0011641364157199859,55.87,0.005042909324169159,0.002
455,92.54,0.00120124082416296,57.97,0.004845606809854508,0.002
456,92.56,0.0011767354339361192,54.769999999999996,0.005368589282035828,0.002
457,92.56,0.001181045152246952,53.55,0.005595784091949463,0.002
458,92.58,0.001176232385635376,54.16,0.005443949365615845,0.002
459,92.61,0.0011810981929302215,56.57,0.0050132211446762085,0.002
460,92.47999999999999,0.0011788120225071908,54.2,0.005464368999004364,0.002
461,92.52,0.0011806475773453713,54.43,0.005565803933143616,0.002
462,92.56,0.0011801769509911537,56.269999999999996,0.0050552475690841675,0.002
463,92.55,0.0011842273116111756,56.54,0.005161045050621033,0.002
464,92.63,0.001187094995379448,52.81,0.00551787680387497,0.002
465,92.62,0.0011678816154599189,52.739999999999995,0.005501453876495361,0.002
466,92.7,0.0011629970282316208,54.1,0.00528852630853653,0.002
467,92.65,0.0011844593435525895,57.220000000000006,0.004913988900184631,0.002
468,92.54,0.0011740055248141289,55.169999999999995,0.00527937650680542,0.002
469,92.61,0.0011831135764718056,59.35,0.0045869384288787845,0.002
470,92.67999999999999,0.0011824114546179771,55.03,0.005395631039142609,0.002
471,92.64,0.0011644606173038482,54.03,0.005370113015174866,0.002
472,92.71000000000001,0.0011742667317390441,56.34,0.005044645965099335,0.002
473,92.67999999999999,0.0011674739152193068,54.379999999999995,0.0053098877549171445,0.002
474,92.63,0.0011664061516523361,54.53,0.005289509415626526,0.002
475,92.64,0.0011776171520352363,52.910000000000004,0.0054749438881874085,0.002
476,92.63,0.0011800070822238923,56.89999999999999,0.00497649552822113,0.002
477,92.64,0.0011784248054027557,52.89,0.005746795868873596,0.002
478,92.61,0.0011754445284605027,54.900000000000006,0.005292723894119263,0.002
479,92.57,0.001188820531964302,55.779999999999994,0.005119564509391785,0.002
480,92.67,0.0011793613940477372,54.2,0.0054369094610214235,0.002
481,92.49000000000001,0.0011816188171505928,53.98,0.005354092276096344,0.002
482,92.58,0.0011979724168777466,59.050000000000004,0.004726790255308151,0.002
483,92.66,0.0011636098772287368,53.59,0.005473084390163422,0.002
484,92.60000000000001,0.0011747729495167733,53.669999999999995,0.005461632096767426,0.002
485,92.62,0.0011810884147882461,54.290000000000006,0.005395797920227051,0.002
486,92.60000000000001,0.0011713199436664582,52.839999999999996,0.005583409512042999,0.002
487,92.66,0.0011843259662389755,54.1,0.00543772497177124,0.002
488,92.56,0.0011745782434940339,51.93,0.005793781638145447,0.002
489,92.53,0.0011863665029406547,55.32,0.0052037281513214115,0.002
490,92.65,0.0011833600819110871,52.629999999999995,0.005765394103527069,0.002
491,92.62,0.0011848805218935012,53.39,0.005439907169342041,0.002
492,92.54,0.0011793040350079537,54.89000000000001,0.005297926306724548,0.002
493,92.72,0.0011813415035605431,53.37,0.005477385628223419,0.002
494,92.57,0.0011889563038945197,54.21,0.005680277478694915,0.002
495,92.55,0.0011773811414837838,52.35999999999999,0.005657261419296265,0.002
496,92.72,0.001168822932243347,52.959999999999994,0.005618625974655151,0.002
497,92.65,0.0011772588238120078,52.92,0.005541694545745849,0.002
498,92.67,0.0011711245819926261,51.77,0.006036569261550904,0.002
499,92.45,0.0011821057200431823,54.67999999999999,0.005310569822788239,0.002
500,92.58,0.0011698380425572395,53.13,0.005619091165065765,0.002
501,92.58,0.0011758841946721077,52.059999999999995,0.005711082100868225,0.002
502,92.71000000000001,0.001161080354452133,52.559999999999995,0.005580144667625428,0.002
503,92.7,0.0011758976504206656,52.44,0.005765137052536011,0.002
504,92.65,0.0011653159961104392,52.980000000000004,0.005595429003238678,0.002
505,92.63,0.0011596020922064782,50.260000000000005,0.0058881335258483885,0.002
506,92.55,0.0011898424759507178,54.15,0.0054749044895172115,0.002
507,92.53,0.0011819793120026588,52.09,0.005753344106674194,0.002
508,92.51,0.0011888730704784393,53.43,0.005674150156974793,0.002
509,92.74,0.0011742630183696747,51.04,0.005775579309463501,0.002
510,92.67999999999999,0.0011714686438441277,51.53,0.005831175875663758,0.002
511,92.54,0.0011832471802830696,49.36,0.00611641902923584,0.002
512,92.61,0.0011837349072098733,52.86,0.005572670114040374,0.002
513,92.63,0.0011725940123200416,51.57000000000001,0.005814203512668609,0.002
514,92.56,0.0011763071179389953,48.25,0.006287264287471771,0.002
515,92.60000000000001,0.0011758055031299592,49.220000000000006,0.006149806308746338,0.002
516,92.67,0.0011765632450580596,51.23,0.005891457462310791,0.002
517,92.65,0.0011762088179588317,53.459999999999994,0.005548310291767121,0.002
518,92.62,0.0011780629768967628,52.87,0.005584683060646057,0.002
519,92.55,0.0011846993625164032,50.93,0.005941799771785736,0.002
520,92.58999999999999,0.001173121379315853,51.99,0.005822820591926575,0.002
521,92.54,0.001192304727435112,53.37,0.005646271276473999,0.002
522,92.58,0.0011972672283649445,53.94,0.005611289012432098,0.002
523,92.58,0.0011812142252922058,51.06,0.0060751205444335935,0.002
524,92.58,0.0011762204825878143,50.129999999999995,0.005992603123188019,0.002
525,92.62,0.0011860436037182808,53.21,0.0057013889908790584,0.002
526,92.58,0.0011805144608020783,51.28,0.0058339001536369325,0.002
527,92.53,0.0011882594779133798,51.73,0.005829925382137299,0.002
528,92.57,0.0011843046963214874,50.21,0.00610092910528183,0.002
529,92.63,0.001180156546831131,51.28,0.005877634823322296,0.002
530,92.58999999999999,0.0011855414494872094,52.910000000000004,0.005464016473293304,0.002
531,92.75999999999999,0.0011839127749204636,52.18000000000001,0.005688049221038818,0.002
532,92.52,0.0011964512273669242,53.349999999999994,0.00563082160949707,0.002
533,92.62,0.0011896754145622253,52.25,0.005735081005096436,0.002
534,92.60000000000001,0.0011707025334239006,49.87,0.005992143332958221,0.002
535,92.58,0.001172690585255623,51.300000000000004,0.005776769125461579,0.002
536,92.64,0.0011803311631083488,50.86000000000001,0.005880330526828766,0.002
537,92.72,0.0011741392850875855,51.99,0.005646122288703918,0.002
538,92.63,0.001183293630182743,51.949999999999996,0.0059305825233459475,0.002
539,92.58999999999999,0.0011880200177431107,49.11,0.006175221216678619,0.002
540,92.64,0.0011780414894223214,46.77,0.00637543249130249,0.002
541,92.54,0.0011984601259231568,52.94,0.005612689983844757,0.002
542,92.55,0.0011796840399503708,47.699999999999996,0.006387597382068634,0.002
543,92.57,0.0011855603024363518,49.58,0.006048923087120056,0.002
544,92.46,0.0011995399564504624,47.22,0.006506597304344177,0.002
545,92.60000000000001,0.0011877830594778061,50.42,0.006030763006210327,0.002
546,92.56,0.0011809222906827928,48.559999999999995,0.006158184015750885,0.002
547,92.56,0.0011905073136091232,51.85999999999999,0.005709420359134674,0.002
548,92.51,0.0011822870299220084,49.58,0.006068755877017975,0.002
549,92.65,0.0011826363787055016,48.43,0.006158788955211639,0.002
550,92.61,0.001181825114786625,50.019999999999996,0.006049365270137787,0.002
551,92.54,0.0011878534719347953,49.519999999999996,0.006210155534744263,0.002
552,92.51,0.0011917049825191498,50.83,0.005960044836997986,0.002
553,92.58999999999999,0.0011848136797547341,49.81,0.006109369778633118,0.002
554,92.67,0.0011855858147144318,52.56999999999999,0.005773384606838227,0.002
555,92.64,0.0011909556686878204,51.580000000000005,0.0057201658487319946,0.002
556,92.62,0.001187189543247223,49.7,0.0061682440996170046,0.002
557,92.67999999999999,0.0011757608339190483,49.0,0.0063164881348609925,0.002
558,92.45,0.0011881207630038261,50.370000000000005,0.0058786308765411376,0.002
559,92.61,0.0011956392645835878,52.04,0.005714814782142639,0.002
560,92.56,0.001185588313639164,51.17,0.006022192561626435,0.002
561,92.66,0.0011824408367276191,49.79,0.006111410212516785,0.002
562,92.58999999999999,0.001183166639506817,49.1,0.006300037133693695,0.002
563,92.58,0.0011793181300163269,50.91,0.0057994097948074344,0.002
564,92.74,0.0011718442350625992,49.93,0.005902413451671601,0.002
565,92.52,0.0011879210144281388,48.86,0.00632278665304184,0.002
566,92.65,0.0011797141328454017,49.24,0.006048009586334229,0.002
567,92.62,0.0011928833797574044,51.67,0.0059298068404197695,0.002
568,92.58999999999999,0.001194317725300789,48.41,0.0066216438174247745,0.002
569,92.67,0.0011662610843777657,50.67,0.005866495764255524,0.002
570,92.67,0.0011810842752456665,48.79,0.006164395260810852,0.002
571,92.54,0.0011943373873829842,50.62,0.0060667334318161015,0.002
572,92.65,0.0011772309347987174,48.47,0.006378019678592682,0.002
573,92.63,0.0011921652406454086,49.62,0.006037756061553955,0.002
574,92.7,0.0011873632237315178,49.02,0.006324134874343872,0.002
575,92.61,0.0011837136417627335,49.16,0.0063574304580688475,0.002
576,92.64,0.001194371634721756,49.91,0.0062304548978805545,0.002
577,92.58999999999999,0.0011930667072534561,50.9,0.006015097546577454,0.002
578,92.67,0.0011767820104956626,49.64,0.006198626101016998,0.002
579,92.67999999999999,0.0011787971660494805,48.68,0.006300531804561615,0.002
580,92.67999999999999,0.0011917840391397476,50.54,0.006058712244033813,0.002
581,92.58,0.0011992451012134552,51.89,0.005702736020088196,0.002
582,92.65,0.0011806242540478705,51.28,0.005858354032039642,0.002
583,92.63,0.001182148315012455,50.260000000000005,0.005943718016147613,0.002
584,92.62,0.0011831788659095765,49.39,0.006286761939525604,0.002
585,92.61,0.0011856888979673386,49.01,0.0062993346571922305,0.002
586,92.66,0.0011841939330101013,49.29,0.0061549239277839665,0.002
587,92.64,0.0011667534574866295,48.53,0.006372865056991577,0.002
588,92.69,0.0011878051489591598,50.239999999999995,0.006179623699188232,0.002
589,92.62,0.0011863900631666183,50.470000000000006,0.00589877142906189,0.002
590,92.62,0.0011806666061282157,47.910000000000004,0.006273190653324127,0.002
591,92.62,0.0011902241811156272,50.480000000000004,0.006009313941001892,0.002
592,92.64,0.0011727074891328812,49.69,0.0061156926393508915,0.002
593,92.47,0.0012044100627303124,48.51,0.006363326668739319,0.002
594,92.58,0.0011907009214162827,49.120000000000005,0.006294940745830536,0.002
595,92.49000000000001,0.0011966148465871811,49.980000000000004,0.006030489885807037,0.002
596,92.55,0.0011983668029308318,50.14999999999999,0.006054217350482941,0.002
597,92.57,0.0011805363044142723,48.17,0.006434914946556091,0.002
598,92.61,0.0011892657786607742,48.1,0.006400132775306702,0.002
599,92.61,0.0011846118852496146,48.79,0.006283727312088013,0.002
600,92.47999999999999,0.0011912712067365645,50.82,0.005953814959526062,0.002
601,92.56,0.0011766133651137352,48.63,0.006278356111049652,0.002
602,92.72,0.0011857660844922066,48.38,0.006350343382358551,0.002
603,92.58,0.0011832304134964944,48.96,0.00632791577577591,0.002
604,92.53,0.0011859168261289597,48.42,0.0063725050449371335,0.002
605,92.55,0.0011826767310500145,49.03,0.006248412537574768,0.002
606,92.71000000000001,0.0011637683421373368,48.370000000000005,0.006490235066413879,0.002
607,92.61,0.0011911458894610404,49.17,0.006282323670387268,0.002
608,92.61,0.001188480758666992,44.73,0.006977182829380035,0.002
609,92.57,0.001184804055094719,48.870000000000005,0.006195008599758148,0.002
610,92.63,0.0011849121421575546,48.3,0.006403860712051392,0.002
611,92.5,0.0011959604367613793,47.4,0.006522974979877472,0.002
612,92.66,0.0011839652359485627,48.08,0.006457950866222382,0.002
613,92.64,0.0011850527852773666,47.32,0.006678751027584076,0.002
614,92.58999999999999,0.0011889856308698655,46.98,0.006630905246734619,0.002
615,92.49000000000001,0.001187481614947319,47.81,0.0063396857380867006,0.002
616,92.61,0.0011812931030988694,47.67,0.00654803649187088,0.002
617,92.64,0.0011910667583346368,49.51,0.006211523652076721,0.002
618,92.53,0.001191610461473465,46.36,0.0069845578789711,0.002
619,92.60000000000001,0.0011863953486084939,47.589999999999996,0.0067054722905159,0.002
620,92.58,0.0011955390453338623,49.02,0.006191475403308868,0.002
621,92.55,0.0011940985023975372,47.13,0.006487258243560791,0.002
622,92.65,0.0011771664127707482,44.14,0.006948775339126587,0.002
623,92.72,0.0012008709192276,44.39,0.007430440139770508,0.002
624,92.71000000000001,0.0011873259961605073,45.019999999999996,0.007295572566986084,0.002
625,92.58999999999999,0.0011936032742261887,45.45,0.006861672341823578,0.002
626,92.60000000000001,0.0011917964681982993,48.66,0.006464304625988007,0.002
627,92.56,0.0011909468963742255,46.62,0.006802691626548767,0.002
628,92.69,0.0011805742368102073,46.26,0.006684291887283325,0.002
629,92.58999999999999,0.0011831442311406135,45.440000000000005,0.006825360238552094,0.002
630,92.61,0.001170586784183979,46.300000000000004,0.006716839802265167,0.002
631,92.65,0.0011934201821684838,46.949999999999996,0.006698858368396759,0.002
632,92.67999999999999,0.0011842706561088561,47.03,0.0065721482753753665,0.002
633,92.55,0.001185296419262886,47.22,0.006577156770229339,0.002
634,92.63,0.0012137503772974014,49.39,0.006184547483921051,0.002
635,92.69,0.0011668878242373467,44.99,0.006919029772281647,0.002
636,92.61,0.0011936197564005851,47.39,0.006584535503387451,0.002
637,92.62,0.0011867700338363647,45.269999999999996,0.007110056841373444,0.002
638,92.58999999999999,0.0011709629625082016,43.580000000000005,0.007192562484741211,0.002
639,92.53,0.001187493745982647,47.92,0.006473898696899414,0.002
640,92.58999999999999,0.0011762726262211799,48.980000000000004,0.006215824973583222,0.002
641,92.64,0.0011691452115774154,47.21,0.006473259890079498,0.002
642,92.66,0.0011860082730650902,46.6,0.006897519242763519,0.002
643,92.56,0.0011812559962272645,46.129999999999995,0.006799667453765869,0.002
644,92.65,0.00118175882846117,45.67,0.006939509797096253,0.002
645,92.61,0.0011874710842967034,47.32,0.006547041058540344,0.002
646,92.63,0.0011830689877271653,49.419999999999995,0.006284098875522614,0.002
647,92.64,0.0011832785308361054,47.04,0.006635645508766174,0.002
648,92.77,0.0011734903067350388,45.519999999999996,0.006988191270828247,0.002
649,92.65,0.0011906628429889678,46.660000000000004,0.006808912658691406,0.002
650,92.63,0.0011752627208828927,46.239999999999995,0.006932402694225312,0.002
651,92.64,0.001188482090830803,48.0,0.0063100262641906735,0.002
652,92.67999999999999,0.0011920136392116548,48.3,0.0063343648791313175,0.002
653,92.7,0.0011866269648075104,46.72,0.0065367215633392334,0.002
654,92.63,0.0011875363737344742,46.96,0.006809035098552704,0.002
655,92.69,0.0011907961577177048,44.66,0.0069511197328567505,0.002
656,92.64,0.0012013886779546738,46.44,0.006808697128295898,0.002
657,92.58,0.0011946165308356286,47.4,0.006515611898899079,0.002
658,92.64,0.0011793056830763818,45.42,0.006875032436847687,0.002
659,92.67,0.0011834067150950432,46.26,0.0067428855538368224,0.002
660,92.71000000000001,0.001164452202618122,44.41,0.0070586766004562375,0.002
661,92.72,0.0011747399121522903,47.15,0.0066502350926399235,0.002
662,92.69,0.0011855457797646522,46.2,0.0070756988048553465,0.002
663,92.61,0.0012119891494512557,48.339999999999996,0.00640903126001358,0.002
664,92.67999999999999,0.0011934436917304992,46.11,0.0071476773142814636,0.002
665,92.65,0.0011915427669882774,45.25,0.007294189333915711,0.002
666,92.52,0.0012151615664362906,49.059999999999995,0.006330256402492523,0.002
667,92.54,0.0011839076712727547,46.45,0.006744378173351288,0.002
668,92.63,0.001186250776052475,46.410000000000004,0.0067099400639534,0.002
669,92.66,0.0011938562020659446,47.85,0.006290202033519745,0.002
670,92.49000000000001,0.0011997905135154724,45.4,0.006997329664230347,0.002
671,92.64,0.0011695736914873122,45.49,0.006679286098480224,0.002
672,92.65,0.0011820800095796585,45.050000000000004,0.007086639428138733,0.002
673,92.7,0.001182226799428463,47.620000000000005,0.006479840207099914,0.002
674,92.57,0.0011969885513186454,46.2,0.006851657962799072,0.002
675,92.63,0.0011854215398430824,47.21,0.006541547119617462,0.002
676,92.7,0.0011692697271704674,45.16,0.0069570399761199955,0.002
677,92.65,0.0011849156379699706,46.29,0.0067980146288871765,0.002
678,92.56,0.0011905098900198937,44.16,0.00700749922990799,0.002
679,92.65,0.001184818571805954,46.46,0.006770429766178131,0.002
680,92.56,0.0011827016770839692,46.62,0.0067272940516471865,0.002
681,92.47,0.0011945045709609986,46.82,0.006785084843635559,0.002
682,92.67999999999999,0.0011768006652593613,47.52,0.006514767861366272,0.002
683,92.61,0.0011934212356805802,47.17,0.006546874785423279,0.002
684,92.80000000000001,0.0011729921609163285,47.56,0.006678969204425812,0.002
685,92.66,0.0011847104921936988,46.86,0.006801301300525665,0.002
686,92.52,0.0011923556998372077,44.75,0.007290915691852569,0.002
687,92.63,0.001186315731704235,47.870000000000005,0.006429334080219269,0.002
688,92.72,0.0011773371875286101,43.49,0.007158405339717865,0.002
689,92.64,0.001190927630662918,47.48,0.006728537225723266,0.002
690,92.69,0.0011673193529248237,46.379999999999995,0.006577399945259094,0.002
691,92.57,0.0011952057704329492,46.51,0.006625423717498779,0.002
692,92.63,0.0011798251762986183,45.85,0.0069605642557144165,0.002
693,92.64,0.0011862958937883378,45.81,0.006999229180812836,0.002
694,92.54,0.0011860239014029504,48.44,0.006284947597980499,0.002
695,92.52,0.0011872006356716156,45.269999999999996,0.006891731369495392,0.002
696,92.69,0.0011882466331124305,48.77,0.0063889919757843016,0.002
697,92.44,0.0011858272150158883,44.71,0.006941131782531738,0.002
698,92.60000000000001,0.0011788689106702805,45.910000000000004,0.006825646483898163,0.002
699,92.62,0.0011696996077895164,45.7,0.006841108858585358,0.002
700,92.71000000000001,0.0011747607305645942,48.28,0.006394304621219635,0.002
701,92.56,0.0011865880653262138,47.8,0.006353681182861328,0.002
702,92.61,0.0011938934549689292,45.519999999999996,0.006854842889308929,0.002
